latitude,longitude,total_cars
32.09004,34.79679,1
32.11614,34.79464,1
32.11876,34.82229,1
32.11226,34.83799,1
32.14279,34.79343,1
32.089715,34.779953,0
32.079074,34.783401,0
32.079825,34.77445,0
32.081213,34.79171,0
32.082191,34.771216,0
32.09478,34.79728,0
32.102224,34.785543,0
32.06645,34.786325,0
32.059834,34.772457,0
32.120495,34.7926,0
32.0698,34.7913,1
32.06879,34.796905,1
32.061717,34.767103,1
32.095042,34.792425,2
32.111344,34.801714,2
32.1097,34.8408,2
32.052487,34.756501,0
32.07606,34.80074,1
32.09861,34.80073,1
32.06289,34.79471,1
32.05654,34.81126,1
32.04521,34.7801,1
32.05217,34.80948,1
32.11048,34.82169,1
32.04211,34.77124,1
32.03897,34.7532,1
32.11358,34.83692,1
32.14027,34.79154,1
32.11676,34.83709,1
32.088814,34.777784,0
32.080102,34.785962,0
32.094177,34.775399,0
32.080801,34.768594,0
32.074095,34.769072,0
32.073687,34.765448,0
32.054935,34.760619,0
32.050298,34.757023,0
32.125093,34.801667,0
32.130074,34.791931,0
32.094346,34.776588,1
32.064615,34.795787,1
32.0619,34.7901,1
32.0572,34.791699,1
32.057382,34.767238,1
32.083,34.7806,2
32.086848,34.788229,2
32.066739,34.782168,2
32.065732,34.776003,2
32.072323,34.790555,3
32.119821,34.821159,3
32.069981,34.763805,0
32.111722,34.816493,0
32.122292,34.818229,1
32.06906,34.78919,1
32.0624,34.77709,1
32.0647,34.79473,1
32.05907,34.78929,1
32.10968,34.79673,1
32.05181,34.77093,1
32.0546,34.80861,1
32.10719,34.82164,1
32.04704,34.80127,1
32.1146,34.82723,1
32.11216,34.82988,1
32.11929,34.83248,1
32.12802,34.82966,1
32.083701,34.785538,0
32.080738,34.77968,0
32.09019,34.778027,0
32.079221,34.788357,0
32.087199,34.772954,0
32.077777,34.778636,0
32.092356,34.774966,0
32.091821,34.773057,0
32.10379,34.809804,0
32.051976,34.764434,0
32.110506,34.83111,0
32.113535,34.84241,0
32.089229,34.786514,1
32.086678,34.791337,1
32.074877,34.773515,1
32.062973,34.776415,1
32.0609,34.7944,1
32.111305,34.807381,1
32.0421,34.779484,1
32.076339,34.78686,2
32.108501,34.836171,2
32.116782,34.843358,0
32.0772,34.77989,1
32.11907,34.80445,1
32.12723,34.80148,1
32.04187,34.74828,1
32.14307,34.79727,1
32.081844,34.777613,0
32.090151,34.783455,0
32.081438,34.776281,0
32.088379,34.775111,0
32.078882,34.77879,0
32.083417,34.79182,0
32.07005,34.772739,0
32.104012,34.810347,0
32.058597,34.8004,0
32.054265,34.78285,0
32.116455,34.787799,0
32.05318,34.79927,0
32.0625,34.781,1
32.063111,34.769903,1
32.072,34.7911,2
32.068993,34.782176,2
32.106652,34.835506,2
32.070423,34.794824,3
32.1066,34.8043,3
32.053555,34.753245,0
32.113114,34.807582,2
32.1034,34.8059,7
32.06799,34.79441,1
32.06097,34.79838,1
32.10268,34.82318,1
32.12012,34.80854,1
32.11156,34.82229,1
32.12235,34.80913,1
32.12354,34.80935,1
32.04695,34.80947,1
32.13863,34.794,1
32.086521,34.779746,0
32.080572,34.788038,0
32.093315,34.784909,0
32.094708,34.781973,0
32.076125,34.776436,0
32.080018,34.76889,0
32.09727,34.77644,0
32.072537,34.784071,0
32.0966,34.7738,0
32.066954,34.772503,0
32.1049,34.7892,0
32.0617,34.7844,0
32.1132,34.7959,0
32.1098,34.8131,0
32.046576,34.759767,0
32.050287,34.752289,0
32.03761,34.751066,0
32.086838,34.78117,1
32.08829,34.794266,1
32.066956,34.793493,1
32.055719,34.756039,1
32.1243,34.8028,1
32.070695,34.781803,2
32.067618,34.797781,2
32.056145,34.781402,0
32.041052,34.769815,0
32.106567,34.832598,2
32.0849,34.7966,0
32.0809,34.7887,0
32.066829,34.783039,2
32.06245,34.77014,1
32.06439,34.80484,1
32.05736,34.81086,1
32.10567,34.81925,1
32.12249,34.80555,1
32.04626,34.80145,1
32.12358,34.80648,1
32.13532,34.79677,1
32.03052,34.74912,1
32.04285,34.77566,2
32.083175,34.776552,0
32.075488,34.779795,0
32.098603,34.778565,0
32.077521,34.769002,0
32.096128,34.790745,0
32.09976,34.783898,0
32.069539,34.773371,0
32.062158,34.764832,0
32.114591,34.791377,0
32.056237,34.769956,0
32.05419,34.79014,0
32.05544,34.767762,0
32.1121,34.8119,0
32.04795,34.778063,0
32.047511,34.759492,0
32.0736,34.7843,1
32.0755,34.8014,1
32.065721,34.776917,1
32.062146,34.790668,1
32.113723,34.82452,1
32.0369,34.7625,2
32.10781,34.83784,3
32.10363,34.78954,1
32.06073,34.7958,1
32.10951,34.7956,1
32.11023,34.79642,1
32.10956,34.80172,1
32.10761,34.82502,1
32.04208,34.7749,1
32.11581,34.82721,1
32.04131,34.75019,1
32.11547,34.8316,1
32.11785,34.83596,1
32.03788,34.74602,1
32.12701,34.82924,1
32.085268,34.777064,0
32.0919,34.7822,0
32.079462,34.776901,0
32.089591,34.773092,0
32.089773,34.790547,0
32.093777,34.783564,0
32.09511,34.77792,0
32.078478,34.773041,0
32.083389,34.769872,0
32.099643,34.785669,0
32.072235,34.774545,0
32.099246,34.781252,0
32.073063,34.771625,0
32.098032,34.798089,0
32.069777,34.766401,0
32.067037,34.767475,0
32.107753,34.793926,0
32.06119,34.78355,0
32.0502,34.7986,0
32.051513,34.749902,0
32.121978,34.834448,0
32.087613,34.784496,1
32.093232,34.791399,1
32.070599,34.776225,1
32.094614,34.798612,1
32.1017,34.7917,1
32.069815,34.795398,2
32.112999,34.79869,2
32.111635,34.838763,2
32.0989,34.778,0
32.07745,34.79628,1
32.10954,34.79061,1
32.05591,34.81074,1
32.12336,34.80272,1
32.04428,34.8075,1
32.11183,34.83139,1
32.11234,34.83563,1
32.12729,34.83585,1
32.04527,34.75611,2
32.091512,34.783599,0
32.084926,34.773751,0
32.07837,34.78253,0
32.081666,34.774062,0
32.093871,34.785879,0
32.07669,34.772553,0
32.076217,34.771447,0
32.074684,34.798119,0
32.068052,34.802363,0
32.058374,34.775729,0
32.124,34.7917,0
32.127629,34.831681,0
32.082109,34.781687,1
32.0887,34.7969,1
32.07729,34.76644,1
32.068638,34.777958,1
32.107238,34.83433,1
32.111376,34.837037,1
32.078621,34.797969,2
32.107158,34.802274,2
32.055602,34.783771,0
32.111506,34.840876,1
32.10423,34.79043,1
32.10714,34.79711,1
32.05327,34.78106,1
32.05333,34.80991,1
32.04128,34.7719,1
32.04043,34.77656,1
32.11428,34.82846,1
32.11285,34.83079,1
32.085348,34.783269,0
32.08437,34.774964,0
32.08855,34.788687,0
32.0882,34.7714,0
32.083968,34.771001,0
32.091177,34.790288,0
32.087458,34.771417,0
32.0756,34.7849,0
32.078041,34.791354,0
32.095524,34.773635,0
32.074182,34.769797,0
32.096792,34.797362,0
32.06855,34.78823,0
32.110047,34.79029,0
32.055198,34.757884,0
32.053587,34.755045,0
32.107998,34.802707,1
32.073391,34.778651,2
32.106566,34.797869,2
32.1138,34.8418,2
32.057609,34.7643,0
32.050787,34.771715,2
32.075637,34.766552,0
32.06639,34.79605,1
32.10492,34.81332,1
32.04706,34.78147,1
32.12257,34.79765,1
32.04655,34.79224,1
32.12801,34.83045,1
32.10312,34.80539,2
32.082233,34.78457,0
32.093463,34.778592,0
32.076318,34.767295,0
32.1021,34.7892,0
32.067507,34.768924,0
32.061358,34.761935,0
32.056754,34.760987,0
32.1142,34.8013,0
32.053553,34.762797,0
32.071247,34.779381,1
32.063478,34.781764,1
32.1059,34.8134,1
32.116362,34.807152,1
32.117818,34.839188,2
32.139294,34.792075,3
32.0986,34.7884,0
32.06036,34.76154,0
32.117448,34.797333,0
32.114,34.8188,0
32.035393,34.75873,2
32.143248,34.79234,1
32.1036,34.77888,1
32.0659,34.80379,1
32.11846,34.78728,1
32.11814,34.7877,1
32.0488,34.79659,1
32.11216,34.8207,1
32.04148,34.77963,1
32.11024,34.82763,1
32.12753,34.80269,1
32.11948,34.82173,1
32.11169,34.83127,1
32.13841,34.79391,1
32.11405,34.83632,1
32.0379,34.74601,1
32.14307,34.79727,1
32.10925,34.81917,3
32.088379,34.775111,0
32.091512,34.783599,0
32.094708,34.781973,0
32.087458,34.771417,0
32.080801,34.768594,0
32.080018,34.76889,0
32.102224,34.785543,0
32.0698,34.7913,0
32.06855,34.78823,0
32.098032,34.798089,0
32.066829,34.783039,0
32.065721,34.776917,0
32.067618,34.797781,0
32.063111,34.769903,0
32.059834,34.772457,0
32.058374,34.775729,0
32.1243,34.8028,0
32.041052,34.769815,0
32.083701,34.785538,1
32.082191,34.771216,1
32.073687,34.765448,1
32.062146,34.790668,1
32.111344,34.801714,1
32.122292,34.818229,1
32.068638,34.777958,2
32.10379,34.809804,0
32.1034,34.8059,2
32.06367,34.77896,1
32.10861,34.79657,1
32.06146,34.80103,1
32.06125,34.80263,1
32.11634,34.79406,1
32.10492,34.81332,1
32.05337,34.80155,1
32.04733,34.75608,1
32.046,34.75619,1
32.11709,34.82263,1
32.11928,34.81903,1
32.11359,34.83649,1
32.11921,34.83317,1
32.12635,34.83075,1
32.12801,34.83045,1
32.083,34.7806,0
32.08437,34.774964,0
32.083417,34.79182,0
32.092356,34.774966,0
32.083389,34.769872,0
32.094177,34.775399,0
32.0736,34.7843,0
32.09976,34.783898,0
32.066954,34.772503,0
32.06879,34.796905,0
32.124,34.7917,0
32.047511,34.759492,0
32.1097,34.8408,0
32.078041,34.791354,1
32.070599,34.776225,1
32.081666,34.774062,2
32.112999,34.79869,2
32.09426,34.78176,1
32.09271,34.77396,1
32.10493,34.79016,1
32.11639,34.79848,1
32.05972,34.81057,1
32.11884,34.79631,1
32.04721,34.77575,1
32.12273,34.80085,1
32.11675,34.81529,1
32.0424,34.77293,1
32.04694,34.80947,1
32.04241,34.7667,1
32.04182,34.7576,1
32.11705,34.82465,1
32.11428,34.82846,1
32.081844,34.777613,0
32.086848,34.788229,0
32.089591,34.773092,0
32.086678,34.791337,0
32.078478,34.773041,0
32.072537,34.784071,0
32.078621,34.797969,0
32.073063,34.771625,0
32.1021,34.7892,0
32.106566,34.797869,0
32.062158,34.764832,0
32.0572,34.791699,0
32.054935,34.760619,0
32.051976,34.764434,0
32.050787,34.771715,0
32.050287,34.752289,0
32.113723,34.82452,0
32.108501,34.836171,0
32.081438,34.776281,1
32.074095,34.769072,1
32.116362,34.807152,1
32.035393,34.75873,1
32.091177,34.790288,2
32.125093,34.801667,2
32.11713,34.78659,1
32.11865,34.79151,1
32.05037,34.79141,1
32.10908,34.81691,1
32.1262,34.79463,1
32.11737,34.81675,1
32.12727,34.80141,1
32.12217,34.81435,1
32.11322,34.82659,1
32.03897,34.75323,1
32.11526,34.83435,1
32.03342,34.75625,1
32.0304,34.74812,1
32.10794,34.82496,2
32.086838,34.78117,0
32.082233,34.78457,0
32.07837,34.78253,0
32.078882,34.77879,0
32.091821,34.773057,0
32.068993,34.782176,0
32.069815,34.795398,0
32.067507,34.768924,0
32.0625,34.781,0
32.06119,34.78355,0
32.114591,34.791377,0
32.058597,34.8004,0
32.055719,34.756039,0
32.050298,34.757023,0
32.087613,34.784496,1
32.085268,34.777064,1
32.095524,34.773635,1
32.09478,34.79728,1
32.069981,34.763805,1
32.076339,34.78686,2
32.075637,34.766552,2
32.0755,34.8014,2
32.119821,34.821159,2
32.116782,34.843358,0
32.0849,34.7966,2
32.05473,34.77016,1
32.05695,34.79943,1
32.05153,34.78679,1
32.10567,34.81927,1
32.05333,34.80991,1
32.11359,34.81627,1
32.12336,34.80272,1
32.11289,34.81898,1
32.04428,34.8075,1
32.1082,34.83111,1
32.11558,34.82712,1
32.04233,34.74895,1
32.11697,34.82896,1
32.03763,34.747,1
32.03942,34.76052,2
32.083175,34.776552,0
32.080102,34.785962,0
32.0809,34.7887,0
32.079221,34.788357,0
32.0882,34.7714,0
32.072,34.7911,0
32.1017,34.7917,0
32.1049,34.7892,0
32.057609,34.7643,0
32.114,34.8188,0
32.106567,34.832598,0
32.110506,34.83111,0
32.079825,34.77445,1
32.067037,34.767475,1
32.055602,34.783771,1
32.111722,34.816493,1
32.086521,34.779746,2
32.107158,34.802274,2
32.08616,34.76973,1
32.07115,34.76941,1
32.06146,34.80639,1
32.05462,34.76836,1
32.0557,34.79705,1
32.0549,34.75483,1
32.04779,34.77621,1
32.11453,34.81352,1
32.12681,34.80879,1
32.11507,34.83545,1
32.12229,34.83655,1
32.090151,34.783455,0
32.087199,34.772954,0
32.074877,34.773515,0
32.077521,34.769002,0
32.0887,34.7969,0
32.070695,34.781803,0
32.074182,34.769797,0
32.066739,34.782168,0
32.056145,34.781402,0
32.057382,34.767238,0
32.05419,34.79014,0
32.127629,34.831681,0
32.093463,34.778592,1
32.065732,34.776003,1
32.053555,34.753245,1
32.107753,34.793926,2
32.1142,34.8013,2
32.06295,34.80104,1
32.06439,34.80484,1
32.05427,34.79701,1
32.10938,34.81264,1
32.05735,34.81086,1
32.11729,34.80819,1
32.11559,34.8155,1
32.12119,34.80884,1
32.12782,34.79267,1
32.11067,34.8236,1
32.04392,34.76331,1
32.11806,34.81621,1
32.04057,34.77724,1
32.04523,34.75613,1
32.12195,34.82085,1
32.12307,34.8259,1
32.03507,34.75061,1
32.11874,34.8043,2
32.085348,34.783269,0
32.082109,34.781687,0
32.0919,34.7822,0
32.079074,34.783401,0
32.079462,34.776901,0
32.080572,34.788038,0
32.093777,34.783564,0
32.094346,34.776588,0
32.08829,34.794266,0
32.07669,34.772553,0
32.098603,34.778565,0
32.0986,34.7884,0
32.071247,34.779381,0
32.06645,34.786325,0
32.068052,34.802363,0
32.061717,34.767103,0
32.1066,34.8043,0
32.054265,34.78285,0
32.0502,34.7986,0
32.04795,34.778063,0
32.053587,34.755045,0
32.111506,34.840876,0
32.083968,34.771001,1
32.072323,34.790555,1
32.096792,34.797362,1
32.0609,34.7944,1
32.056754,34.760987,1
32.143248,34.79234,1
32.089715,34.779953,2
32.069777,34.766401,2
32.0989,34.778,0
32.104012,34.810347,0
32.10395,34.79156,1
32.05708,34.78644,1
32.1079,34.81804,1
32.1027,34.82318,1
32.04875,34.80342,1
32.11051,34.82167,1
32.1236,34.80645,1
32.11187,34.82824,1
32.11651,34.82633,1
32.11763,34.82679,1
32.13533,34.79675,1
32.03056,34.74919,1
32.080738,34.77968,0
32.077777,34.778636,0
32.093871,34.785879,0
32.09511,34.77792,0
32.069539,34.773371,0
32.070423,34.794824,0
32.116455,34.787799,0
32.05544,34.767762,0
32.05318,34.79927,0
32.117448,34.797333,0
32.1098,34.8131,0
32.120495,34.7926,0
32.052487,34.756501,0
32.051513,34.749902,0
32.046576,34.759767,0
32.130074,34.791931,0
32.10781,34.83784,0
32.111376,34.837037,0
32.113535,34.84241,0
32.1138,34.8418,0
32.117818,34.839188,0
32.076125,34.776436,1
32.099643,34.785669,1
32.110047,34.79029,1
32.056237,34.769956,1
32.107998,34.802707,2
32.09607,34.7921,1
32.10555,34.79082,1
32.06011,34.78909,1
32.11106,34.78772,1
32.06148,34.76889,1
32.05873,34.77826,1
32.03776,34.75698,1
32.09019,34.778027,0
32.093315,34.784909,0
32.089773,34.790547,0
32.075488,34.779795,0
32.073391,34.778651,0
32.076217,34.771447,0
32.09727,34.77644,0
32.0966,34.7738,0
32.07729,34.76644,0
32.094614,34.798612,0
32.074684,34.798119,0
32.063478,34.781764,0
32.061358,34.761935,0
32.111305,34.807381,0
32.053553,34.762797,0
32.1121,34.8119,0
32.106652,34.835506,0
32.111635,34.838763,0
32.121978,34.834448,0
32.081213,34.79171,1
32.062973,34.776415,1
32.0421,34.779484,1
32.0756,34.7849,2
32.093232,34.791399,2
32.072235,34.774545,2
32.113114,34.807582,2
32.139294,34.792075,2
32.0369,34.7625,0
32.05959,34.80826,1
32.05798,34.81123,1
32.05255,34.80463,1
32.11241,34.81367,1
32.04861,34.76526,1
32.04523,34.7801,1
32.12266,34.7991,1
32.10859,34.82777,1
32.12379,34.81173,1
32.12238,34.82784,1
32.11781,34.83596,1
32.12573,34.83172,1
32.04737,34.80564,2
32.04285,34.77566,3
32.088814,34.777784,0
32.084926,34.773751,0
32.096128,34.790745,0
32.076318,34.767295,0
32.07005,34.772739,0
32.066956,34.793493,0
32.0617,34.7844,0
32.064615,34.795787,0
32.0619,34.7901,0
32.055198,34.757884,0
32.107238,34.83433,0
32.03761,34.751066,0
32.089229,34.786514,1
32.08855,34.788687,1
32.095042,34.792425,1
32.1132,34.7959,1
32.099246,34.781252,0
32.1059,34.8134,0
32.06036,34.76154,2
32.09265,34.78797,1
32.10308,34.79521,1
32.06295,34.80104,1
32.06439,34.80484,1
32.05326,34.78102,1
32.11679,34.79419,1
32.11066,34.81222,1
32.04327,34.79037,1
32.04595,34.75623,1
32.12904,34.79853,1
32.11325,34.82971,1
32.12801,34.83045,1
32.090151,34.783455,0
32.09019,34.778027,0
32.091512,34.783599,0
32.079462,34.776901,0
32.089591,34.773092,0
32.092356,34.774966,0
32.093232,34.791399,0
32.096128,34.790745,0
32.114591,34.791377,0
32.061358,34.761935,1
32.111635,34.838763,1
32.116362,34.807152,2
32.041052,34.769815,0
32.08153,34.78079,1
32.07745,34.79628,1
32.06185,34.78308,1
32.06097,34.79838,1
32.11704,34.78999,1
32.10492,34.81332,1
32.11791,34.79261,1
32.04706,34.78137,1
32.04701,34.80491,1
32.04205,34.7712,1
32.04465,34.75609,1
32.12681,34.80879,1
32.11705,34.82465,1
32.11285,34.83079,1
32.13533,34.79675,1
32.12455,34.82492,1
32.11676,34.83709,1
32.12729,34.83585,1
32.10299,34.80537,2
32.11871,34.80433,2
32.087613,34.784496,0
32.089715,34.779953,0
32.08437,34.774964,0
32.093777,34.783564,0
32.07669,34.772553,0
32.076217,34.771447,0
32.072235,34.774545,0
32.058374,34.775729,0
32.061717,34.767103,0
32.05419,34.79014,0
32.1059,34.8134,0
32.1098,34.8131,0
32.0502,34.7986,0
32.051513,34.749902,0
32.110506,34.83111,0
32.04795,34.778063,1
32.0617,34.7844,2
32.106652,34.835506,2
32.1097,34.8408,2
32.1066,34.8043,3
32.057609,34.7643,0
32.111722,34.816493,0
32.06036,34.76154,1
32.106567,34.832598,2
32.111506,34.840876,1
32.1036,34.77888,1
32.06073,34.7958,1
32.11614,34.79464,1
32.05591,34.81074,1
32.10719,34.82164,1
32.11344,34.81832,1
32.11051,34.82175,1
32.10761,34.82502,1
32.12166,34.81229,1
32.04695,34.80947,1
32.12384,34.81171,1
32.11581,34.82721,1
32.14279,34.79343,1
32.083175,34.776552,0
32.0919,34.7822,0
32.088379,34.775111,0
32.081666,34.774062,0
32.0882,34.7714,0
32.087458,34.771417,0
32.09511,34.77792,0
32.099643,34.785669,0
32.099246,34.781252,0
32.1017,34.7917,0
32.069777,34.766401,0
32.067037,34.767475,0
32.062146,34.790668,0
32.10379,34.809804,0
32.058597,34.8004,0
32.1142,34.8013,0
32.056754,34.760987,0
32.05318,34.79927,0
32.050298,34.757023,0
32.117818,34.839188,0
32.127629,34.831681,0
32.080018,34.76889,1
32.078621,34.797969,1
32.068993,34.782176,1
32.063478,34.781764,1
32.106566,34.797869,1
32.111305,34.807381,1
32.0421,34.779484,1
32.0619,34.7901,2
32.050787,34.771715,3
32.09861,34.80073,1
32.0647,34.79473,1
32.10951,34.7956,1
32.10567,34.81925,1
32.05493,34.75445,1
32.12032,34.80479,1
32.04235,34.77293,1
32.04742,34.8057,1
32.12719,34.80132,1
32.14026,34.79155,1
32.04285,34.77566,2
32.082233,34.78457,0
32.089229,34.786514,0
32.081438,34.776281,0
32.078882,34.77879,0
32.084926,34.773751,0
32.079221,34.788357,0
32.077777,34.778636,0
32.093463,34.778592,0
32.082191,34.771216,0
32.078478,34.773041,0
32.091821,34.773057,0
32.078041,34.791354,0
32.09976,34.783898,0
32.073063,34.771625,0
32.102224,34.785543,0
32.094614,34.798612,0
32.066954,34.772503,0
32.067507,34.768924,0
32.06879,34.796905,0
32.057382,34.767238,0
32.05544,34.767762,0
32.1121,34.8119,0
32.125093,34.801667,0
32.121978,34.834448,0
32.072323,34.790555,1
32.0609,34.7944,1
32.111344,34.801714,1
32.074684,34.798119,2
32.052487,34.756501,0
32.113114,34.807582,2
32.143248,34.79234,1
32.05907,34.78929,1
32.11603,34.79041,1
32.11865,34.79151,1
32.05959,34.80826,1
32.05256,34.80463,1
32.04627,34.80146,1
32.04062,34.77723,1
32.05736,34.81086,2
32.085348,34.783269,0
32.082109,34.781687,0
32.086848,34.788229,0
32.07837,34.78253,0
32.080801,34.768594,0
32.098603,34.778565,0
32.069539,34.773371,0
32.098032,34.798089,0
32.110047,34.79029,0
32.054935,34.760619,0
32.120495,34.7926,0
32.046576,34.759767,0
32.050287,34.752289,0
32.080572,34.788038,1
32.079825,34.77445,1
32.066739,34.782168,1
32.0755,34.8014,1
32.107753,34.793926,1
32.108501,34.836171,1
32.0369,34.7625,2
32.070423,34.794824,3
32.06119,34.78355,3
32.069981,34.763805,0
32.117448,34.797333,0
32.114,34.8188,0
32.075637,34.766552,1
32.06639,34.79606,1
32.05654,34.81126,1
32.04655,34.79224,1
32.04521,34.7801,1
32.1102,34.82763,1
32.04428,34.8075,1
32.12238,34.82784,1
32.11358,34.83692,1
32.03052,34.74912,1
32.083,34.7806,0
32.085268,34.777064,0
32.080738,34.77968,0
32.088814,34.777784,0
32.083417,34.79182,0
32.075488,34.779795,0
32.076339,34.78686,0
32.094177,34.775399,0
32.073391,34.778651,0
32.074877,34.773515,0
32.074095,34.769072,0
32.068638,34.777958,0
32.064615,34.795787,0
32.059834,34.772457,0
32.054265,34.78285,0
32.053553,34.762797,0
32.1243,34.8028,0
32.119821,34.821159,0
32.0966,34.7738,1
32.070695,34.781803,1
32.07729,34.76644,2
32.107158,34.802274,2
32.055602,34.783771,0
32.053555,34.753245,0
32.066829,34.783039,2
32.10435,34.78069,1
32.10449,34.79584,1
32.06791,34.80017,1
32.10823,34.79895,1
32.04861,34.76526,1
32.04704,34.80127,1
32.12336,34.80272,1
32.05087,34.81019,1
32.04618,34.76047,1
32.12354,34.80935,1
32.12627,34.83073,1
32.04527,34.75611,2
32.086521,34.779746,0
32.081844,34.777613,0
32.080102,34.785962,0
32.087199,34.772954,0
32.0736,34.7843,0
32.095524,34.773635,0
32.077521,34.769002,0
32.070599,34.776225,0
32.074182,34.769797,0
32.096792,34.797362,0
32.06645,34.786325,0
32.065721,34.776917,0
32.116455,34.787799,0
32.055198,34.757884,0
32.063111,34.769903,1
32.051976,34.764434,1
32.072,34.7911,2
32.035393,34.75873,2
32.0546,34.80861,1
32.12209,34.81434,1
32.03939,34.76029,1
32.11428,34.82846,1
32.03788,34.74602,1
32.11785,34.83596,1
32.086838,34.78117,0
32.083701,34.785538,0
32.091177,34.790288,0
32.076125,34.776436,0
32.094346,34.776588,0
32.09478,34.79728,0
32.07005,34.772739,0
32.065732,34.776003,0
32.053587,34.755045,0
32.124,34.7917,0
32.113723,34.82452,0
32.107238,34.83433,0
32.111376,34.837037,0
32.03761,34.751066,0
32.113535,34.84241,0
32.0756,34.7849,1
32.069815,34.795398,1
32.067618,34.797781,1
32.1132,34.7959,2
32.1138,34.8418,2
32.112999,34.79869,3
32.10781,34.83784,3
32.122292,34.818229,1
32.1034,34.8059,4
32.0809,34.7887,0
32.08467,34.796,1
32.07565,34.79693,1
32.06013,34.78911,1
32.10268,34.82318,1
32.12249,34.80555,1
32.11824,34.81527,1
32.1236,34.80645,1
32.11694,34.82711,1
32.04189,34.74829,1
32.11929,34.83248,1
32.14307,34.79727,1
32.08855,34.788687,0
32.094708,34.781973,0
32.083968,34.771001,0
32.083389,34.769872,0
32.09727,34.77644,0
32.0887,34.7969,0
32.095042,34.792425,0
32.104012,34.810347,0
32.056237,34.769956,0
32.130074,34.791931,0
32.071247,34.779381,1
32.0698,34.7913,1
32.06855,34.78823,1
32.062158,34.764832,1
32.047511,34.759492,1
32.0625,34.781,2
32.056145,34.781402,0
32.06013,34.78396,1
32.11559,34.78855,1
32.05109,34.76868,1
32.05336,34.80155,1
32.05217,34.80948,1
32.11133,34.8264,1
32.03897,34.75323,1
32.11234,34.83563,1
32.1384,34.79183,1
32.05333,34.80991,2
32.079074,34.783401,0
32.086678,34.791337,0
32.093315,34.784909,0
32.081213,34.79171,0
32.089773,34.790547,0
32.093871,34.785879,0
32.08829,34.794266,0
32.072537,34.784071,0
32.076318,34.767295,0
32.1021,34.7892,0
32.073687,34.765448,0
32.1049,34.7892,0
32.062973,34.776415,0
32.107998,34.802707,0
32.0572,34.791699,0
32.055719,34.756039,0
32.066956,34.793493,1
32.068052,34.802363,1
32.139294,34.792075,2
32.0986,34.7884,0
32.0989,34.778,0
32.116782,34.843358,1
32.0849,34.7966,5
32.10555,34.79082,1
32.04779,34.77621,1
32.12403,34.79781,1
32.12782,34.79267,1
32.11705,34.82465,1
32.12195,34.82085,1
32.11359,34.83649,1
32.086848,34.788229,0
32.089773,34.790547,0
32.076339,34.78686,0
32.080018,34.76889,0
32.072537,34.784071,0
32.098603,34.778565,0
32.096128,34.790745,0
32.099246,34.781252,0
32.1021,34.7892,0
32.069815,34.795398,0
32.067618,34.797781,0
32.063111,34.769903,0
32.1121,34.8119,0
32.051513,34.749902,0
32.113723,34.82452,0
32.089229,34.786514,1
32.074095,34.769072,1
32.067037,34.767475,1
32.125093,34.801667,1
32.068638,34.777958,2
32.107998,34.802707,2
32.114,34.8188,0
32.0849,34.7966,0
32.0809,34.7887,0
32.07013,34.76982,1
32.10395,34.79156,1
32.11814,34.7877,1
32.11846,34.78728,1
32.11639,34.79848,1
32.05798,34.81123,1
32.04241,34.7667,1
32.11948,34.82173,1
32.1082,34.83111,1
32.11405,34.83632,1
32.083,34.7806,0
32.088814,34.777784,0
32.080102,34.785962,0
32.084926,34.773751,0
32.0882,34.7714,0
32.091821,34.773057,0
32.077521,34.769002,0
32.071247,34.779381,0
32.074182,34.769797,0
32.072323,34.790555,0
32.070423,34.794824,0
32.06119,34.78355,0
32.059834,34.772457,0
32.10781,34.83784,0
32.127629,34.831681,0
32.079825,34.77445,1
32.081213,34.79171,1
32.078041,34.791354,1
32.112999,34.79869,2
32.055602,34.783771,0
32.069981,34.763805,1
32.111722,34.816493,1
32.066829,34.783039,0
32.05695,34.79943,1
32.10492,34.81332,1
32.05219,34.77088,1
32.11559,34.8155,1
32.11289,34.81898,1
32.0424,34.77293,1
32.04523,34.75613,1
32.11322,34.82659,1
32.11709,34.82263,1
32.12307,34.8259,1
32.03507,34.75061,1
32.12573,34.83172,1
32.10794,34.82496,2
32.083175,34.776552,0
32.08437,34.774964,0
32.079221,34.788357,0
32.093777,34.783564,0
32.075488,34.779795,0
32.07669,34.772553,0
32.07729,34.76644,0
32.068993,34.782176,0
32.06645,34.786325,0
32.064615,34.795787,0
32.0619,34.7901,0
32.124,34.7917,0
32.050287,34.752289,0
32.1138,34.8418,0
32.087613,34.784496,1
32.083968,34.771001,1
32.082191,34.771216,1
32.099643,34.785669,1
32.09478,34.79728,1
32.116362,34.807152,2
32.139294,34.792075,3
32.052487,34.756501,0
32.053555,34.753245,1
32.06036,34.76154,2
32.111506,34.840876,0
32.075637,34.766552,2
32.08616,34.76973,1
32.09607,34.7921,1
32.0659,34.80379,1
32.06439,34.80484,1
32.05462,34.76836,1
32.11713,34.78659,1
32.05153,34.78679,1
32.10938,34.81264,1
32.05333,34.80991,1
32.12273,34.80085,1
32.04694,34.80947,1
32.12219,34.81434,1
32.12753,34.80269,1
32.13533,34.79675,1
32.04233,34.74895,1
32.12238,34.82784,1
32.10925,34.81917,2
32.082233,34.78457,0
32.090151,34.783455,0
32.08855,34.788687,0
32.080572,34.788038,0
32.094708,34.781973,0
32.09511,34.77792,0
32.076217,34.771447,0
32.095042,34.792425,0
32.098032,34.798089,0
32.066956,34.793493,0
32.063478,34.781764,0
32.0625,34.781,0
32.0572,34.791699,0
32.10379,34.809804,0
32.05419,34.79014,0
32.056754,34.760987,0
32.111305,34.807381,0
32.05318,34.79927,0
32.053553,34.762797,0
32.04795,34.778063,0
32.108501,34.836171,0
32.09019,34.778027,1
32.070695,34.781803,1
32.062973,34.776415,1
32.089715,34.779953,2
32.0755,34.8014,2
32.117448,34.797333,0
32.041052,34.769815,0
32.1034,34.8059,2
32.06367,34.77896,1
32.05873,34.77826,1
32.06295,34.80104,1
32.05037,34.79141,1
32.10567,34.81927,1
32.05255,34.80463,1
32.04875,34.80342,1
32.11359,34.81627,1
32.12266,34.7991,1
32.12379,34.81173,1
32.11651,34.82633,1
32.11169,34.83127,1
32.04737,34.80564,2
32.091512,34.783599,0
32.092356,34.774966,0
32.0966,34.7738,0
32.1049,34.7892,0
32.106566,34.797869,0
32.107238,34.83433,0
32.03761,34.751066,0
32.083701,34.785538,1
32.081438,34.776281,1
32.070599,34.776225,1
32.073687,34.765448,1
32.111344,34.801714,1
32.106652,34.835506,1
32.117818,34.839188,1
32.081666,34.774062,2
32.1132,34.7959,2
32.1142,34.8013,2
32.116782,34.843358,0
32.122292,34.818229,1
32.113114,34.807582,2
32.1036,34.77888,1
32.10493,34.79016,1
32.06011,34.78909,1
32.06124,34.80265,1
32.11874,34.80431,1
32.0488,34.79659,1
32.11241,34.81367,1
32.1027,34.82318,1
32.11453,34.81352,1
32.11046,34.82172,1
32.12336,34.80272,1
32.11067,34.8236,1
32.11024,34.82763,1
32.11187,34.82824,1
32.11558,34.82712,1
32.11763,34.82679,1
32.11697,34.82896,1
32.03776,34.75698,1
32.03897,34.75323,1
32.11507,34.83545,1
32.11526,34.83435,1
32.11781,34.83596,1
32.12635,34.83075,1
32.12536,34.79777,2
32.082109,34.781687,0
32.0919,34.7822,0
32.079462,34.776901,0
32.087199,34.772954,0
32.0756,34.7849,0
32.069539,34.773371,0
32.066739,34.782168,0
32.067507,34.768924,0
32.068052,34.802363,0
32.061358,34.761935,0
32.054935,34.760619,0
32.055198,34.757884,0
32.051976,34.764434,0
32.111635,34.838763,0
32.096792,34.797362,1
32.0421,34.779484,1
32.107158,34.802274,2
32.050787,34.771715,0
32.06146,34.80104,1
32.05427,34.79701,1
32.05972,34.81057,1
32.05337,34.80155,1
32.10908,34.81691,1
32.04523,34.7801,1
32.11675,34.81529,1
32.11737,34.81675,1
32.04392,34.76331,1
32.11928,34.81903,1
32.04428,34.8075,1
32.12681,34.80879,1
32.11921,34.83317,1
32.14307,34.79727,1
32.0304,34.74812,1
32.04057,34.77724,2
32.086838,34.78117,0
32.081844,34.777613,0
32.093871,34.785879,0
32.094177,34.775399,0
32.09727,34.77644,0
32.0887,34.7969,0
32.09976,34.783898,0
32.078621,34.797969,0
32.07005,34.772739,0
32.065721,34.776917,0
32.0617,34.7844,0
32.057382,34.767238,0
32.121978,34.834448,0
32.080801,34.768594,1
32.0986,34.7884,0
32.0989,34.778,0
32.056145,34.781402,0
32.143248,34.79234,1
32.09426,34.78176,1
32.05569,34.79705,1
32.11634,34.79406,1
32.12119,34.80884,1
32.1236,34.80645,1
32.12727,34.80141,1
32.04879,34.81357,1
32.04182,34.7576,1
32.04285,34.77566,3
32.088379,34.775111,0
32.07837,34.78253,0
32.089591,34.773092,0
32.073391,34.778651,0
32.095524,34.773635,0
32.102224,34.785543,0
32.094614,34.798612,0
32.074684,34.798119,0
32.06855,34.78823,0
32.066954,34.772503,0
32.114591,34.791377,0
32.05544,34.767762,0
32.120495,34.7926,0
32.1098,34.8131,0
32.053587,34.755045,0
32.050298,34.757023,0
32.130074,34.791931,0
32.110506,34.83111,0
32.0369,34.7625,0
32.113535,34.84241,0
32.086521,34.779746,1
32.080738,34.77968,1
32.091177,34.790288,1
32.065732,34.776003,1
32.0609,34.7944,1
32.076125,34.776436,2
32.093232,34.791399,2
32.069777,34.766401,2
32.035393,34.75873,0
32.05707,34.78644,1
32.11474,34.80127,1
32.05735,34.81086,1
32.0549,34.75483,1
32.1262,34.79463,1
32.11216,34.8207,1
32.10859,34.82777,1
32.04135,34.75014,1
32.13841,34.79391,1
32.03342,34.75625,1
32.03056,34.74919,1
32.085268,34.777064,0
32.079074,34.783401,0
32.078882,34.77879,0
32.086678,34.791337,0
32.093315,34.784909,0
32.083417,34.79182,0
32.087458,34.771417,0
32.083389,34.769872,0
32.078478,34.773041,0
32.08829,34.794266,0
32.0736,34.7843,0
32.074877,34.773515,0
32.073063,34.771625,0
32.072,34.7911,0
32.076318,34.767295,0
32.1017,34.7917,0
32.062158,34.764832,0
32.054265,34.78285,0
32.116455,34.787799,0
32.055719,34.756039,0
32.0502,34.7986,0
32.046576,34.759767,0
32.111376,34.837037,0
32.093463,34.778592,1
32.094346,34.776588,1
32.110047,34.79029,1
32.072235,34.774545,2
32.119821,34.821159,2
32.07115,34.76941,1
32.06148,34.76889,1
32.06146,34.80639,1
32.05959,34.80826,1
32.11865,34.79151,1
32.11884,34.79631,1
32.1079,34.81804,1
32.04721,34.77575,1
32.04861,34.76526,1
32.11806,34.81621,1
32.12753,34.79776,1
32.04148,34.77963,1
32.03939,34.76029,1
32.11428,34.82846,1
32.0379,34.74601,1
32.085348,34.783269,0
32.077777,34.778636,0
32.0698,34.7913,0
32.06879,34.796905,0
32.058374,34.775729,0
32.061717,34.767103,0
32.1066,34.8043,0
32.104012,34.810347,0
32.058597,34.8004,0
32.056237,34.769956,0
32.1059,34.8134,0
32.047511,34.759492,0
32.1243,34.8028,0
32.1097,34.8408,0
32.107753,34.793926,1
32.062146,34.790668,1
32.057609,34.7643,0
32.106567,34.832598,0
32.07115,34.76941,1
32.07215,34.76605,1
32.10493,34.79016,1
32.10823,34.79895,1
32.06097,34.79838,1
32.05972,34.81057,1
32.04721,34.77575,1
32.11453,34.81352,1
32.11737,34.81675,1
32.12725,34.80141,1
32.12753,34.80269,1
32.11651,34.82633,1
32.11507,34.83545,1
32.10925,34.81917,3
32.07837,34.78253,0
32.087458,34.771417,0
32.074877,34.773515,0
32.072537,34.784071,0
32.074182,34.769797,0
32.073687,34.765448,0
32.10379,34.809804,0
32.055198,34.757884,0
32.046576,34.759767,0
32.107238,34.83433,0
32.03761,34.751066,0
32.083701,34.785538,1
32.079221,34.788357,1
32.1132,34.7959,1
32.050298,34.757023,1
32.093232,34.791399,2
32.107158,34.802274,2
32.114,34.8188,0
32.111722,34.816493,1
32.111506,34.840876,0
32.08519,34.79549,1
32.09609,34.79211,1
32.10861,34.79657,1
32.11374,34.78773,1
32.05709,34.80633,1
32.04895,34.781,1
32.1079,34.81804,1
32.10863,34.82044,1
32.11559,34.8155,1
32.11675,34.81529,1
32.12718,34.79659,1
32.04633,34.75483,1
32.1222,34.81436,1
32.12195,34.82085,1
32.11763,34.82679,1
32.11697,34.82896,1
32.13533,34.79675,1
32.1234,34.82585,1
32.0379,34.74601,1
32.03507,34.75061,1
32.03039,34.74813,1
32.04057,34.77724,2
32.03945,34.76053,2
32.085348,34.783269,0
32.084926,34.773751,0
32.09511,34.77792,0
32.07729,34.76644,0
32.1021,34.7892,0
32.1049,34.7892,0
32.066956,34.793493,0
32.063478,34.781764,0
32.06119,34.78355,0
32.0619,34.7901,0
32.062158,34.764832,0
32.061358,34.761935,0
32.104012,34.810347,0
32.053553,34.762797,0
32.1121,34.8119,0
32.0502,34.7986,0
32.053587,34.755045,0
32.124,34.7917,0
32.0369,34.7625,0
32.0887,34.7969,1
32.0698,34.7913,1
32.06855,34.78823,1
32.065721,34.776917,1
32.0609,34.7944,1
32.116362,34.807152,1
32.047511,34.759492,1
32.072,34.7911,2
32.052487,34.756501,0
32.041052,34.769815,0
32.106567,34.832598,0
32.035393,34.75873,2
32.0849,34.7966,2
32.06439,34.80484,1
32.11634,34.79406,1
32.10492,34.81332,1
32.05959,34.80826,1
32.10567,34.81927,1
32.05333,34.80991,1
32.11359,34.81627,1
32.11759,34.81244,1
32.11289,34.81898,1
32.04469,34.79811,1
32.12784,34.79264,1
32.11322,34.82659,1
32.11704,34.82264,1
32.086678,34.791337,0
32.070695,34.781803,0
32.076318,34.767295,0
32.074684,34.798119,0
32.069815,34.795398,0
32.06645,34.786325,0
32.067618,34.797781,0
32.062146,34.790668,0
32.058374,34.775729,0
32.05544,34.767762,0
32.055719,34.756039,0
32.086838,34.78117,1
32.085268,34.777064,1
32.089229,34.786514,1
32.081213,34.79171,1
32.082191,34.771216,1
32.094177,34.775399,1
32.062973,34.776415,1
32.091177,34.790288,2
32.09478,34.79728,2
32.057609,34.7643,0
32.117448,34.797333,0
32.053555,34.753245,1
32.143248,34.79234,0
32.075637,34.766552,0
32.10555,34.79082,1
32.10891,34.80145,1
32.06125,34.80263,1
32.06146,34.80639,1
32.05037,34.79141,1
32.05798,34.81123,1
32.05735,34.81086,1
32.12113,34.79549,1
32.1027,34.82318,1
32.12119,34.80884,1
32.12238,34.82784,1
32.081844,34.777613,0
32.080572,34.788038,0
32.077777,34.778636,0
32.094708,34.781973,0
32.078478,34.773041,0
32.0756,34.7849,0
32.075488,34.779795,0
32.091821,34.773057,0
32.066954,34.772503,0
32.063111,34.769903,0
32.1098,34.8131,0
32.120495,34.7926,0
32.1138,34.8418,0
32.113535,34.84241,0
32.081666,34.774062,1
32.093315,34.784909,1
32.093777,34.783564,1
32.095042,34.792425,1
32.0755,34.8014,1
32.1142,34.8013,1
32.089715,34.779953,2
32.072235,34.774545,2
32.112999,34.79869,2
32.10449,34.79584,1
32.06013,34.78911,1
32.06295,34.80104,1
32.1179,34.79684,1
32.11946,34.8012,1
32.04779,34.77621,1
32.05087,34.81019,1
32.11166,34.82209,1
32.1236,34.80645,1
32.04601,34.75621,1
32.11942,34.82171,1
32.11558,34.82712,1
32.04737,34.80564,2
32.088814,34.777784,0
32.079825,34.77445,0
32.083968,34.771001,0
32.077521,34.769002,0
32.098603,34.778565,0
32.069539,34.773371,0
32.102224,34.785543,0
32.067037,34.767475,0
32.057382,34.767238,0
32.051976,34.764434,0
32.130074,34.791931,0
32.108501,34.836171,0
32.076125,34.776436,1
32.07005,34.772739,1
32.107753,34.793926,1
32.1066,34.8043,1
32.056754,34.760987,2
32.125093,34.801667,2
32.139294,34.792075,2
32.0986,34.7884,0
32.055602,34.783771,0
32.06036,34.76154,2
32.0809,34.7887,0
32.05434,34.79701,1
32.11865,34.79151,1
32.05329,34.75843,1
32.12273,34.80085,1
32.12336,34.80272,1
32.11216,34.8207,1
32.04523,34.75613,1
32.04428,34.8075,1
32.1082,34.83111,1
32.04182,34.7576,1
32.12327,34.81829,1
32.11705,34.82465,1
32.04239,34.74892,1
32.12635,34.83075,1
32.083175,34.776552,0
32.080738,34.77968,0
32.088379,34.775111,0
32.078882,34.77879,0
32.0882,34.7714,0
32.094346,34.776588,0
32.08829,34.794266,0
32.09727,34.77644,0
32.076217,34.771447,0
32.0966,34.7738,0
32.06879,34.796905,0
32.116455,34.787799,0
32.054265,34.78285,0
32.1243,34.8028,0
32.051513,34.749902,0
32.113723,34.82452,0
32.110506,34.83111,0
32.10781,34.83784,0
32.0919,34.7822,1
32.0736,34.7843,1
32.099643,34.785669,1
32.070599,34.776225,1
32.110047,34.79029,1
32.056237,34.769956,1
32.050287,34.752289,1
32.076339,34.78686,2
32.068638,34.777958,2
32.069981,34.763805,1
32.066829,34.783039,0
32.05473,34.77016,1
32.10908,34.81691,1
32.04861,34.76526,1
32.05217,34.80948,1
32.04626,34.80145,1
32.11024,34.82763,1
32.12384,34.81171,1
32.11928,34.81903,1
32.12197,34.82967,1
32.12228,34.83656,1
32.03052,34.74912,1
32.04285,34.77566,3
32.09019,34.778027,0
32.093871,34.785879,0
32.07669,34.772553,0
32.096128,34.790745,0
32.078621,34.797969,0
32.073063,34.771625,0
32.094614,34.798612,0
32.065732,34.776003,0
32.0625,34.781,0
32.0617,34.7844,0
32.061717,34.767103,0
32.054935,34.760619,0
32.05318,34.79927,0
32.04795,34.778063,0
32.106652,34.835506,0
32.081438,34.776281,1
32.096792,34.797362,1
32.086521,34.779746,2
32.066739,34.782168,2
32.06694,34.78159,1
32.11384,34.79609,1
32.0557,34.79705,1
32.10777,34.82055,1
32.11069,34.82359,1
32.11806,34.81621,1
32.12563,34.80393,1
32.11428,34.82846,1
32.03897,34.75323,1
32.11526,34.83435,1
32.11785,34.83596,1
32.14307,34.79727,1
32.082109,34.781687,0
32.091512,34.783599,0
32.089773,34.790547,0
32.083389,34.769872,0
32.080801,34.768594,0
32.099246,34.781252,0
32.074095,34.769072,0
32.098032,34.798089,0
32.064615,34.795787,0
32.059834,34.772457,0
32.058597,34.8004,0
32.114591,34.791377,0
32.05419,34.79014,0
32.111305,34.807381,0
32.1059,34.8134,0
32.1097,34.8408,0
32.082233,34.78457,1
32.068052,34.802363,1
32.0421,34.779484,1
32.069777,34.766401,2
32.107998,34.802707,2
32.116782,34.843358,0
32.122292,34.818229,1
32.113114,34.807582,2
32.08999,34.78752,1
32.0866,34.76999,1
32.10395,34.79156,1
32.06146,34.80103,1
32.05462,34.76836,1
32.11884,34.79631,1
32.05256,34.80463,1
32.04523,34.7801,1
32.11051,34.82169,1
32.04694,34.80947,1
32.12681,34.80879,1
32.03763,34.747,1
32.12573,34.83172,1
32.12801,34.83045,1
32.10797,34.82492,2
32.08855,34.788687,0
32.078041,34.791354,0
32.080018,34.76889,0
32.073391,34.778651,0
32.1017,34.7917,0
32.070423,34.794824,0
32.0572,34.791699,0
32.111635,34.838763,0
32.121978,34.834448,0
32.117818,34.839188,0
32.127629,34.831681,0
32.087613,34.784496,1
32.08437,34.774964,1
32.071247,34.779381,1
32.111344,34.801714,1
32.072323,34.790555,2
32.068993,34.782176,2
32.0989,34.778,0
32.1036,34.77888,1
32.05695,34.79943,1
32.05191,34.77951,1
32.0515,34.78681,1
32.05337,34.80155,1
32.10938,34.81264,1
32.11241,34.81367,1
32.04875,34.80342,1
32.0424,34.77293,1
32.03776,34.75698,1
32.13841,34.79391,1
32.11921,34.83317,1
32.03342,34.75625,1
32.11874,34.8043,2
32.090151,34.783455,0
32.086848,34.788229,0
32.080102,34.785962,0
32.079462,34.776901,0
32.087199,34.772954,0
32.092356,34.774966,0
32.083417,34.79182,0
32.095524,34.773635,0
32.09976,34.783898,0
32.067507,34.768924,0
32.106566,34.797869,0
32.111376,34.837037,0
32.083,34.7806,1
32.079074,34.783401,1
32.089591,34.773092,1
32.093463,34.778592,1
32.119821,34.821159,2
32.056145,34.781402,0
32.050787,34.771715,0
32.1034,34.8059,2
32.05737,34.77086,1
32.05462,34.76836,1
32.10908,34.81691,1
32.04779,34.77621,1
32.05217,34.80948,1
32.11737,34.81675,1
32.04428,34.8075,1
32.11948,34.82173,1
32.13533,34.79675,1
32.04737,34.80564,2
32.086678,34.791337,0
32.079825,34.77445,0
32.094708,34.781973,0
32.09727,34.77644,0
32.067507,34.768924,0
32.059834,34.772457,0
32.061717,34.767103,0
32.054935,34.760619,0
32.106567,34.832598,0
32.03761,34.751066,0
32.1138,34.8418,0
32.083,34.7806,1
32.083701,34.785538,1
32.110047,34.79029,1
32.111344,34.801714,1
32.143248,34.79234,1
32.086521,34.779746,2
32.1034,34.8059,1
32.0866,34.76999,1
32.1036,34.77888,1
32.10395,34.79156,1
32.10891,34.80145,1
32.05959,34.80826,1
32.11241,34.81367,1
32.11453,34.81352,1
32.10777,34.82055,1
32.04523,34.7801,1
32.12266,34.7991,1
32.11675,34.81529,1
32.11067,34.8236,1
32.1236,34.80645,1
32.11428,34.82846,1
32.10797,34.82492,2
32.079462,34.776901,0
32.084926,34.773751,0
32.087458,34.771417,0
32.089773,34.790547,0
32.083389,34.769872,0
32.072537,34.784071,0
32.076217,34.771447,0
32.09976,34.783898,0
32.078621,34.797969,0
32.07005,34.772739,0
32.069539,34.773371,0
32.06855,34.78823,0
32.063111,34.769903,0
32.058374,34.775729,0
32.058597,34.8004,0
32.120495,34.7926,0
32.055719,34.756039,0
32.052487,34.756501,0
32.110506,34.83111,0
32.085268,34.777064,1
32.0919,34.7822,1
32.076125,34.776436,1
32.075637,34.766552,2
32.06146,34.80639,1
32.11865,34.79151,1
32.05735,34.81086,1
32.12119,34.80884,1
32.11806,34.81621,1
32.04694,34.80947,1
32.12753,34.80269,1
32.11928,34.81903,1
32.12681,34.80879,1
32.11705,34.82465,1
32.03897,34.75323,1
32.03507,34.75061,1
32.12573,34.83172,1
32.14307,34.79727,1
32.12231,34.83657,1
32.0304,34.74812,1
32.087199,34.772954,0
32.0882,34.7714,0
32.080801,34.768594,0
32.071247,34.779381,0
32.074182,34.769797,0
32.074684,34.798119,0
32.063478,34.781764,0
32.0617,34.7844,0
32.06119,34.78355,0
32.055602,34.783771,0
32.1098,34.8131,0
32.053587,34.755045,0
32.087613,34.784496,1
32.083968,34.771001,1
32.062973,34.776415,1
32.056237,34.769956,1
32.116362,34.807152,1
32.053555,34.753245,1
32.0421,34.779484,1
32.076339,34.78686,2
32.093232,34.791399,2
32.1059,34.8134,0
32.10555,34.79082,1
32.10449,34.79584,1
32.06011,34.78909,1
32.10861,34.79657,1
32.05473,34.77016,1
32.0557,34.79705,1
32.05427,34.79701,1
32.05037,34.79141,1
32.05337,34.80155,1
32.12273,34.80085,1
32.12379,34.81173,1
32.12195,34.82085,1
32.11763,34.82679,1
32.03776,34.75698,1
32.12238,34.82784,1
32.03342,34.75625,1
32.03763,34.747,1
32.12801,34.83045,1
32.09019,34.778027,0
32.086848,34.788229,0
32.090151,34.783455,0
32.093777,34.783564,0
32.083417,34.79182,0
32.07729,34.76644,0
32.066956,34.793493,0
32.106566,34.797869,0
32.061358,34.761935,0
32.04795,34.778063,0
32.047511,34.759492,0
32.111506,34.840876,0
32.089229,34.786514,1
32.1066,34.8043,1
32.111722,34.816493,1
32.035393,34.75873,1
32.068993,34.782176,2
32.0755,34.8014,2
32.06295,34.80104,1
32.11634,34.79406,1
32.05972,34.81057,1
32.11884,34.79631,1
32.10567,34.81927,1
32.11359,34.81627,1
32.1262,34.79463,1
32.11042,34.82173,1
32.11289,34.81898,1
32.11024,34.82763,1
32.11169,34.83127,1
32.04233,34.74895,1
32.13841,34.79391,1
32.11785,34.83596,1
32.04057,34.77724,2
32.10925,34.81917,3
32.086838,34.78117,0
32.081844,34.777613,0
32.080102,34.785962,0
32.091512,34.783599,0
32.079221,34.788357,0
32.093871,34.785879,0
32.078478,34.773041,0
32.07669,34.772553,0
32.095524,34.773635,0
32.070695,34.781803,0
32.094614,34.798612,0
32.066739,34.782168,0
32.062158,34.764832,0
32.056145,34.781402,0
32.0502,34.7986,0
32.1243,34.8028,0
32.046576,34.759767,0
32.106652,34.835506,0
32.111376,34.837037,0
32.117818,34.839188,0
32.077777,34.778636,1
32.081213,34.79171,1
32.056754,34.760987,1
32.113114,34.807582,2
32.116782,34.843358,0
32.09609,34.79211,1
32.07215,34.76605,1
32.10493,34.79016,1
32.05708,34.78644,1
32.05191,34.77951,1
32.10938,34.81264,1
32.12336,34.80272,1
32.04626,34.80145,1
32.0424,34.77293,1
32.12727,34.80141,1
32.12219,34.81432,1
32.11709,34.82263,1
32.12307,34.8259,1
32.08855,34.788687,0
32.080572,34.788038,0
32.0736,34.7843,0
32.077521,34.769002,0
32.0966,34.7738,0
32.096128,34.790745,0
32.0986,34.7884,0
32.102224,34.785543,0
32.1021,34.7892,0
32.098032,34.798089,0
32.114591,34.791377,0
32.055198,34.757884,0
32.053553,34.762797,0
32.051976,34.764434,0
32.113723,34.82452,0
32.107238,34.83433,0
32.0756,34.7849,1
32.082191,34.771216,1
32.0887,34.7969,1
32.125093,34.801667,2
32.119821,34.821159,2
32.0849,34.7966,2
32.06036,34.76154,2
32.07115,34.76941,1
32.05153,34.78679,1
32.11559,34.8155,1
32.12563,34.80393,1
32.11651,34.82633,1
32.11526,34.83435,1
32.03056,34.74919,1
32.03945,34.76053,2
32.088379,34.775111,0
32.081438,34.776281,0
32.078882,34.77879,0
32.089591,34.773092,0
32.094177,34.775399,0
32.076318,34.767295,0
32.073063,34.771625,0
32.066829,34.783039,0
32.0572,34.791699,0
32.054265,34.78285,0
32.117448,34.797333,0
32.050787,34.771715,0
32.124,34.7917,0
32.114,34.8188,0
32.051513,34.749902,0
32.108501,34.836171,0
32.10781,34.83784,0
32.111635,34.838763,0
32.081666,34.774062,1
32.095042,34.792425,1
32.0698,34.7913,1
32.065732,34.776003,1
32.122292,34.818229,1
32.072235,34.774545,2
32.09478,34.79728,2
32.112999,34.79869,2
32.139294,34.792075,2
32.099246,34.781252,0
32.10379,34.809804,0
32.0369,34.7625,0
32.06146,34.80103,1
32.04861,34.76526,1
32.04523,34.75613,1
32.11322,34.82659,1
32.11558,34.82712,1
32.11507,34.83545,1
32.0379,34.74601,1
32.085348,34.783269,0
32.08437,34.774964,0
32.093315,34.784909,0
32.091821,34.773057,0
32.074877,34.773515,0
32.073391,34.778651,0
32.068052,34.802363,0
32.057382,34.767238,0
32.116455,34.787799,0
32.057609,34.7643,0
32.050287,34.752289,0
32.1097,34.8408,0
32.121978,34.834448,0
32.079074,34.783401,1
32.070599,34.776225,1
32.065721,34.776917,1
32.072323,34.790555,2
32.069777,34.766401,2
32.107158,34.802274,2
32.1132,34.7959,2
32.104012,34.810347,0
32.06125,34.80263,1
32.05255,34.80463,1
32.1079,34.81804,1
32.04721,34.77575,1
32.05333,34.80991,1
32.04875,34.80342,1
32.11216,34.8207,1
32.11874,34.8043,2
32.04285,34.77566,3
32.082109,34.781687,0
32.082233,34.78457,0
32.080738,34.77968,0
32.07837,34.78253,0
32.092356,34.774966,0
32.075488,34.779795,0
32.09511,34.77792,0
32.080018,34.76889,0
32.070423,34.794824,0
32.066954,34.772503,0
32.064615,34.795787,0
32.05419,34.79014,0
32.05544,34.767762,0
32.050298,34.757023,0
32.041052,34.769815,0
32.093463,34.778592,1
32.078041,34.791354,1
32.068638,34.777958,1
32.069981,34.763805,1
32.107753,34.793926,1
32.062146,34.790668,1
32.072,34.7911,2
32.107998,34.802707,2
32.0989,34.778,0
32.06439,34.80484,1
32.05695,34.79943,1
32.10492,34.81332,1
32.05798,34.81123,1
32.11946,34.8012,1
32.1027,34.82318,1
32.10864,34.82042,1
32.12782,34.79267,1
32.04469,34.79811,1
32.10859,34.82777,1
32.04601,34.75621,1
32.1082,34.83111,1
32.04182,34.7576,1
32.11697,34.82896,1
32.11921,34.83317,1
32.11405,34.83632,1
32.12635,34.83075,1
32.088814,34.777784,0
32.083175,34.776552,0
32.0809,34.7887,0
32.094346,34.776588,0
32.08829,34.794266,0
32.098603,34.778565,0
32.074095,34.769072,0
32.1017,34.7917,0
32.06645,34.786325,0
32.069815,34.795398,0
32.06879,34.796905,0
32.1049,34.7892,0
32.067618,34.797781,0
32.0625,34.781,0
32.0619,34.7901,0
32.111305,34.807381,0
32.05318,34.79927,0
32.1121,34.8119,0
32.130074,34.791931,0
32.113535,34.84241,0
32.127629,34.831681,0
32.099643,34.785669,1
32.096792,34.797362,1
32.073687,34.765448,1
32.067037,34.767475,1
32.0609,34.7944,1
32.1142,34.8013,1
32.089715,34.779953,2
32.091177,34.790288,2
32.10449,34.79584,1
32.0624,34.77709,1
32.06073,34.7958,1
32.11791,34.79261,1
32.04521,34.7801,1
32.12384,34.81171,1
32.12529,34.82695,1
32.14307,34.79727,1
32.083701,34.785538,0
32.08437,34.774964,0
32.080102,34.785962,0
32.079221,34.788357,0
32.079825,34.77445,0
32.089773,34.790547,0
32.093463,34.778592,0
32.095524,34.773635,0
32.09727,34.77644,0
32.074095,34.769072,0
32.1049,34.7892,0
32.067507,34.768924,0
32.064615,34.795787,0
32.10379,34.809804,0
32.111344,34.801714,0
32.116455,34.787799,0
32.1142,34.8013,0
32.125093,34.801667,0
32.086521,34.779746,1
32.076339,34.78686,1
32.063111,34.769903,1
32.107158,34.802274,2
32.116362,34.807152,2
32.056145,34.781402,0
32.106567,34.832598,2
32.09861,34.80073,1
32.06439,34.80484,1
32.11344,34.81832,1
32.04209,34.77491,1
32.12358,34.80648,1
32.04205,34.7712,1
32.04062,34.77723,1
32.04428,34.8075,1
32.11358,34.83692,1
32.14279,34.79343,1
32.084926,34.773751,0
32.077777,34.778636,0
32.091177,34.790288,0
32.083968,34.771001,0
32.093871,34.785879,0
32.076217,34.771447,0
32.059834,34.772457,0
32.050298,34.757023,0
32.047511,34.759492,0
32.046576,34.759767,0
32.113535,34.84241,0
32.0919,34.7822,1
32.0755,34.8014,1
32.066739,34.782168,1
32.068052,34.802363,1
32.04795,34.778063,1
32.107238,34.83433,1
32.052487,34.756501,0
32.041052,34.769815,0
32.113114,34.807582,2
32.05907,34.78929,1
32.06097,34.79838,1
32.10567,34.81925,1
32.05591,34.81074,1
32.04704,34.80127,1
32.04626,34.80145,1
32.12249,34.80555,1
32.04742,34.8057,1
32.03897,34.75323,1
32.11871,34.80433,2
32.04285,34.77566,2
32.086848,34.788229,0
32.079074,34.783401,0
32.07837,34.78253,0
32.078882,34.77879,0
32.087199,34.772954,0
32.093315,34.784909,0
32.093232,34.791399,0
32.098603,34.778565,0
32.096128,34.790745,0
32.069777,34.766401,0
32.051976,34.764434,0
32.1121,34.8119,0
32.110506,34.83111,0
32.086678,34.791337,1
32.0736,34.7843,1
32.0966,34.7738,1
32.0625,34.781,1
32.107753,34.793926,1
32.106566,34.797869,2
32.106652,34.835506,2
32.070423,34.794824,3
32.112999,34.79869,3
32.0986,34.7884,0
32.116782,34.843358,0
32.07745,34.79628,1
32.05181,34.77093,1
32.05654,34.81126,1
32.0546,34.80861,1
32.10761,34.82502,1
32.03788,34.74602,1
32.086838,34.78117,0
32.085268,34.777064,0
32.082233,34.78457,0
32.083175,34.776552,0
32.079462,34.776901,0
32.083417,34.79182,0
32.09511,34.77792,0
32.0887,34.7969,0
32.096792,34.797362,0
32.073687,34.765448,0
32.1021,34.7892,0
32.058374,34.775729,0
32.054265,34.78285,0
32.124,34.7917,0
32.051513,34.749902,0
32.130074,34.791931,0
32.083,34.7806,1
32.0756,34.7849,1
32.065732,34.776003,1
32.0421,34.779484,1
32.139294,34.792075,2
32.0849,34.7966,1
32.06292,34.80105,1
32.04655,34.79224,1
32.04235,34.77293,1
32.11285,34.83079,1
32.11581,34.82721,1
32.04187,34.74828,1
32.05736,34.81086,2
32.089715,34.779953,0
32.08829,34.794266,0
32.080018,34.76889,0
32.095042,34.792425,0
32.068638,34.777958,0
32.110047,34.79029,0
32.053553,34.762797,0
32.127629,34.831681,0
32.076125,34.776436,1
32.082191,34.771216,1
32.061358,34.761935,1
32.074684,34.798119,2
32.1132,34.7959,2
32.117448,34.797333,0
32.053555,34.753245,0
32.143248,34.79234,1
32.075637,34.766552,0
32.09409,34.79546,1
32.10412,34.79447,1
32.06791,34.80017,1
32.0647,34.79473,1
32.11603,34.79041,1
32.10492,34.81332,1
32.10268,34.82318,1
32.10719,34.82164,1
32.11428,34.82846,1
32.14026,34.79155,1
32.11785,34.83596,1
32.089229,34.786514,0
32.081438,34.776281,0
32.074877,34.773515,0
32.077521,34.769002,0
32.099643,34.785669,0
32.072235,34.774545,0
32.070599,34.776225,0
32.07005,34.772739,0
32.102224,34.785543,0
32.1017,34.7917,0
32.067037,34.767475,0
32.062158,34.764832,0
32.05419,34.79014,0
32.120495,34.7926,0
32.070695,34.781803,1
32.07729,34.76644,1
32.068993,34.782176,1
32.067618,34.797781,1
32.111376,34.837037,1
32.072,34.7911,2
32.1066,34.8043,3
32.122292,34.818229,0
32.111506,34.840876,2
32.066829,34.783039,2
32.06639,34.79605,1
32.11614,34.79464,1
32.11631,34.79765,1
32.05087,34.81019,1
32.11049,34.82173,1
32.12336,34.80272,1
32.04695,34.80947,1
32.11929,34.83248,1
32.11676,34.83709,1
32.03052,34.74912,1
32.12729,34.83585,1
32.04527,34.75611,2
32.085348,34.783269,0
32.087613,34.784496,0
32.09019,34.778027,0
32.088379,34.775111,0
32.08855,34.788687,0
32.081213,34.79171,0
32.094708,34.781973,0
32.083389,34.769872,0
32.094177,34.775399,0
32.076318,34.767295,0
32.069539,34.773371,0
32.066954,34.772503,0
32.114591,34.791377,0
32.056237,34.769956,0
32.054935,34.760619,0
32.1098,34.8131,0
32.055719,34.756039,0
32.050287,34.752289,0
32.113723,34.82452,0
32.03761,34.751066,0
32.121978,34.834448,0
32.0698,34.7913,1
32.062973,34.776415,1
32.107998,34.802707,1
32.057382,34.767238,1
32.06855,34.78823,2
32.063478,34.781764,2
32.1097,34.8408,2
32.10781,34.83784,3
32.0989,34.778,0
32.057609,34.7643,0
32.1034,34.8059,4
32.10435,34.78069,1
32.11708,34.78994,1
32.05256,34.80463,1
32.124,34.79263,1
32.11234,34.83563,1
32.12801,34.83045,1
32.12477,34.83607,1
32.05333,34.80991,2
32.10299,34.80537,3
32.080738,34.77968,0
32.091512,34.783599,0
32.081666,34.774062,0
32.089591,34.773092,0
32.0882,34.7714,0
32.087458,34.771417,0
32.075488,34.779795,0
32.078041,34.791354,0
32.080801,34.768594,0
32.099246,34.781252,0
32.073063,34.771625,0
32.098032,34.798089,0
32.061717,34.767103,0
32.058597,34.8004,0
32.055198,34.757884,0
32.053587,34.755045,0
32.071247,34.779381,1
32.069815,34.795398,1
32.0609,34.7944,1
32.1059,34.8134,1
32.111305,34.807381,1
32.111635,34.838763,1
32.065721,34.776917,2
32.0617,34.7844,2
32.0619,34.7901,2
32.0369,34.7625,2
32.055602,34.783771,0
32.06036,34.76154,0
32.114,34.8188,1
32.09241,34.78233,1
32.08467,34.796,1
32.1036,34.77888,1
32.06242,34.77014,1
32.06013,34.78396,1
32.10951,34.7956,1
32.05946,34.76609,1
32.11865,34.79151,1
32.04706,34.78137,1
32.04327,34.79037,1
32.04465,34.75609,1
32.1096,34.83186,1
32.13533,34.79675,1
32.1384,34.79183,1
32.11226,34.83799,1
32.082109,34.781687,0
32.088814,34.777784,0
32.090151,34.783455,0
32.080572,34.788038,0
32.092356,34.774966,0
32.078478,34.773041,0
32.072537,34.784071,0
32.094614,34.798612,0
32.06879,34.796905,0
32.0572,34.791699,0
32.104012,34.810347,0
32.0502,34.7986,0
32.117818,34.839188,0
32.066956,34.793493,1
32.072323,34.790555,2
32.06119,34.78355,2
32.108501,34.836171,2
32.069981,34.763805,0
32.035393,34.75873,2
32.050787,34.771715,3
32.06195,34.77593,1
32.05327,34.78106,1
32.05959,34.80826,1
32.05336,34.80155,1
32.05217,34.80948,1
32.12032,34.80479,1
32.12719,34.80132,1
32.12354,34.80935,1
32.1102,34.82763,1
32.081844,34.777613,0
32.093777,34.783564,0
32.091821,34.773057,0
32.094346,34.776588,0
32.07669,34.772553,0
32.073391,34.778651,0
32.09976,34.783898,0
32.074182,34.769797,0
32.09478,34.79728,0
32.06645,34.786325,0
32.056754,34.760987,0
32.05318,34.79927,0
32.1243,34.8028,0
32.078621,34.797969,1
32.062146,34.790668,1
32.05544,34.767762,1
32.119821,34.821159,2
32.1138,34.8418,2
32.111722,34.816493,0
32.0809,34.7887,0
32.09609,34.79211,1
32.10449,34.79584,1
32.06125,34.80263,1
32.05255,34.80463,1
32.1082,34.83111,1
32.11405,34.83632,1
32.11921,34.83317,1
32.082233,34.78457,0
32.080572,34.788038,0
32.0809,34.7887,0
32.078041,34.791354,0
32.074877,34.773515,0
32.09976,34.783898,0
32.073687,34.765448,0
32.1021,34.7892,0
32.1049,34.7892,0
32.052487,34.756501,0
32.111635,34.838763,0
32.068052,34.802363,1
32.0421,34.779484,1
32.107998,34.802707,2
32.104012,34.810347,0
32.0849,34.7966,2
32.06295,34.80104,1
32.06146,34.80639,1
32.10938,34.81264,1
32.10908,34.81691,1
32.11453,34.81352,1
32.10777,34.82055,1
32.12273,34.80085,1
32.04523,34.7801,1
32.04694,34.80947,1
32.11948,34.82173,1
32.11705,34.82465,1
32.11169,34.83127,1
32.13841,34.79391,1
32.11785,34.83596,1
32.04737,34.80564,2
32.10797,34.82492,2
32.04285,34.77566,3
32.082109,34.781687,0
32.083175,34.776552,0
32.08437,34.774964,0
32.091512,34.783599,0
32.093871,34.785879,0
32.0882,34.7714,0
32.083389,34.769872,0
32.075488,34.779795,0
32.076217,34.771447,0
32.077521,34.769002,0
32.0986,34.7884,0
32.07729,34.76644,0
32.076318,34.767295,0
32.070423,34.794824,0
32.066829,34.783039,0
32.066956,34.793493,0
32.063478,34.781764,0
32.056145,34.781402,0
32.057382,34.767238,0
32.120495,34.7926,0
32.124,34.7917,0
32.086838,34.78117,1
32.081213,34.79171,1
32.065732,34.776003,1
32.069981,34.763805,1
32.056754,34.760987,1
32.091177,34.790288,2
32.076339,34.78686,2
32.116782,34.843358,0
32.07215,34.76605,1
32.04861,34.76526,1
32.04875,34.80342,1
32.11044,34.82168,1
32.1236,34.80645,1
32.12563,34.80393,1
32.12218,34.81435,1
32.11322,34.82659,1
32.11651,34.82633,1
32.11763,34.82679,1
32.04233,34.74895,1
32.03342,34.75625,1
32.12635,34.83075,1
32.08855,34.788687,0
32.083417,34.79182,0
32.094708,34.781973,0
32.061717,34.767103,0
32.055602,34.783771,0
32.057609,34.7643,0
32.05544,34.767762,0
32.054935,34.760619,0
32.053553,34.762797,0
32.1121,34.8119,0
32.055719,34.756039,0
32.106567,34.832598,0
32.10781,34.83784,0
32.111376,34.837037,0
32.1097,34.8408,0
32.127629,34.831681,0
32.085268,34.777064,1
32.083701,34.785538,1
32.079074,34.783401,1
32.0887,34.7969,1
32.099643,34.785669,1
32.07005,34.772739,1
32.062973,34.776415,1
32.111344,34.801714,1
32.050287,34.752289,1
32.112999,34.79869,2
32.05037,34.79141,1
32.05735,34.81086,1
32.04721,34.77575,1
32.04626,34.80145,1
32.11289,34.81898,1
32.11067,34.8236,1
32.04601,34.75621,1
32.12307,34.8259,1
32.03763,34.747,1
32.0379,34.74601,1
32.0304,34.74812,1
32.11874,34.8043,2
32.087199,34.772954,0
32.072537,34.784071,0
32.0966,34.7738,0
32.078621,34.797969,0
32.1017,34.7917,0
32.06645,34.786325,0
32.0625,34.781,0
32.0619,34.7901,0
32.058597,34.8004,0
32.051513,34.749902,0
32.121978,34.834448,0
32.117818,34.839188,0
32.089229,34.786514,1
32.081666,34.774062,1
32.0698,34.7913,1
32.110047,34.79029,1
32.107158,34.802274,1
32.072323,34.790555,2
32.068993,34.782176,2
32.0369,34.7625,0
32.06036,34.76154,2
32.09271,34.77396,1
32.10555,34.79082,1
32.05462,34.76836,1
32.0557,34.79705,1
32.05337,34.80155,1
32.12266,34.7991,1
32.12119,34.80884,1
32.11737,34.81675,1
32.11558,34.82712,1
32.13533,34.79675,1
32.12238,34.82784,1
32.12573,34.83172,1
32.14307,34.79727,1
32.12231,34.83657,1
32.04057,34.77724,2
32.080738,34.77968,0
32.088379,34.775111,0
32.080102,34.785962,0
32.09511,34.77792,0
32.078478,34.773041,0
32.09727,34.77644,0
32.096128,34.790745,0
32.098603,34.778565,0
32.074182,34.769797,0
32.102224,34.785543,0
32.069815,34.795398,0
32.098032,34.798089,0
32.063111,34.769903,0
32.061358,34.761935,0
32.05318,34.79927,0
32.041052,34.769815,0
32.107238,34.83433,0
32.070599,34.776225,1
32.1066,34.8043,1
32.122292,34.818229,1
32.139294,34.792075,2
32.072235,34.774545,3
32.10493,34.79016,1
32.10395,34.79156,1
32.10861,34.79657,1
32.10823,34.79895,1
32.06146,34.80103,1
32.11383,34.79608,1
32.05473,34.77016,1
32.10492,34.81332,1
32.05709,34.80633,1
32.11884,34.79631,1
32.05798,34.81123,1
32.11946,34.8012,1
32.10567,34.81927,1
32.11359,34.81627,1
32.12336,34.80272,1
32.11806,34.81621,1
32.11428,34.82846,1
32.11526,34.83435,1
32.10925,34.81917,3
32.094346,34.776588,0
32.08829,34.794266,0
32.080018,34.76889,0
32.066739,34.782168,0
32.067618,34.797781,0
32.06119,34.78355,0
32.116455,34.787799,0
32.111305,34.807381,0
32.053587,34.755045,0
32.050298,34.757023,0
32.130074,34.791931,0
32.106652,34.835506,0
32.1138,34.8418,0
32.083,34.7806,1
32.093777,34.783564,1
32.0736,34.7843,1
32.096792,34.797362,1
32.143248,34.79234,1
32.0755,34.8014,2
32.113114,34.807582,2
32.099246,34.781252,0
32.1059,34.8134,0
32.07115,34.76941,1
32.06455,34.77122,1
32.10891,34.80145,1
32.11634,34.79406,1
32.1079,34.81804,1
32.11241,34.81367,1
32.05217,34.80948,1
32.10864,34.82042,1
32.11216,34.8207,1
32.12195,34.82085,1
32.11697,34.82896,1
32.03507,34.75061,1
32.078882,34.77879,0
32.083968,34.771001,0
32.092356,34.774966,0
32.091821,34.773057,0
32.095524,34.773635,0
32.073063,34.771625,0
32.069539,34.773371,0
32.094614,34.798612,0
32.06879,34.796905,0
32.0617,34.7844,0
32.064615,34.795787,0
32.0572,34.791699,0
32.055198,34.757884,0
32.050787,34.771715,0
32.047511,34.759492,0
32.110506,34.83111,0
32.108501,34.836171,0
32.03761,34.751066,0
32.113535,34.84241,0
32.086521,34.779746,1
32.062146,34.790668,1
32.1142,34.8013,1
32.1132,34.7959,2
32.125093,34.801667,2
32.0866,34.76999,1
32.1036,34.77888,1
32.06439,34.80484,1
32.11865,34.79151,1
32.04779,34.77621,1
32.11559,34.8155,1
32.0424,34.77293,1
32.04469,34.79811,1
32.11928,34.81903,1
32.04182,34.7576,1
32.03897,34.75323,1
32.081844,34.777613,0
32.079462,34.776901,0
32.084926,34.773751,0
32.079825,34.77445,0
32.094177,34.775399,0
32.07669,34.772553,0
32.073391,34.778651,0
32.074684,34.798119,0
32.066954,34.772503,0
32.067507,34.768924,0
32.067037,34.767475,0
32.062158,34.764832,0
32.1098,34.8131,0
32.04795,34.778063,0
32.0756,34.7849,1
32.065721,34.776917,1
32.053555,34.753245,1
32.089715,34.779953,2
32.072,34.7911,2
32.09478,34.79728,2
32.0989,34.778,0
32.1027,34.82318,1
32.12782,34.79267,1
32.12727,34.80141,1
32.04633,34.75483,1
32.11024,34.82763,1
32.12753,34.80269,1
32.11709,34.82263,1
32.03056,34.74918,1
32.085348,34.783269,0
32.088814,34.777784,0
32.093315,34.784909,0
32.079221,34.788357,0
32.080801,34.768594,0
32.071247,34.779381,0
32.070695,34.781803,0
32.074095,34.769072,0
32.06855,34.78823,0
32.059834,34.772457,0
32.114591,34.791377,0
32.117448,34.797333,0
32.051976,34.764434,0
32.114,34.8188,0
32.1243,34.8028,0
32.113723,34.82452,0
32.087613,34.784496,1
32.081438,34.776281,1
32.077777,34.778636,1
32.093463,34.778592,1
32.068638,34.777958,1
32.0609,34.7944,1
32.116362,34.807152,1
32.093232,34.791399,2
32.1034,34.8059,1
32.06011,34.78909,1
32.05695,34.79943,1
32.05427,34.79701,1
32.05191,34.77951,1
32.05959,34.80826,1
32.05153,34.78679,1
32.05972,34.81057,1
32.05333,34.80991,1
32.11675,34.81529,1
32.12384,34.81171,1
32.04523,34.75613,1
32.04428,34.8075,1
32.12681,34.80879,1
32.03776,34.75698,1
32.11507,34.83545,1
32.12801,34.83045,1
32.03945,34.76053,2
32.09019,34.778027,0
32.086848,34.788229,0
32.090151,34.783455,0
32.07837,34.78253,0
32.089591,34.773092,0
32.086678,34.791337,0
32.087458,34.771417,0
32.089773,34.790547,0
32.075637,34.766552,0
32.106566,34.797869,0
32.058374,34.775729,0
32.054265,34.78285,0
32.05419,34.79014,0
32.0502,34.7986,0
32.046576,34.759767,0
32.111506,34.840876,0
32.0919,34.7822,1
32.076125,34.776436,1
32.082191,34.771216,1
32.095042,34.792425,1
32.107753,34.793926,1
32.111722,34.816493,1
32.035393,34.75873,1
32.069777,34.766401,2
32.056237,34.769956,2
32.119821,34.821159,2
32.10379,34.809804,0
32.066829,34.783039,2
32.0809,34.7887,2
32.080018,34.76889,2
32.12117,34.80913,2
32.068993,34.782176,2
32.14418,34.79991,2
32.06879,34.796905,0
32.06119,34.78355,0
32.089229,34.786514,0
32.062146,34.790668,0
32.079074,34.783401,0
32.076339,34.78686,0
32.087199,34.772954,0
32.09478,34.79728,0
32.127629,34.831681,0
32.1066,34.8043,0
32.086521,34.779746,0
32.079135,34.779073,0
32.07729,34.76644,1
32.084926,34.773751,1
32.12948,34.78947,1
32.035393,34.75873,1
32.083968,34.771001,1
32.077521,34.769002,1
32.082191,34.771216,1
32.12315,34.83715,1
32.12519,34.83091,1
32.11879,34.82173,1
32.099246,34.781252,1
32.05281,34.77089,1
32.078621,34.797969,1
32.06707,34.78167,1
32.05791,34.81113,1
32.12176,34.80587,1
32.03884,34.76027,1
32.11231,34.78782,1
32.073063,34.771625,1
32.11951,34.81917,1
32.11128,34.82668,1
32.11624,34.79683,1
32.107158,34.802274,2
32.057382,34.767238,2
32.07005,34.772739,2
32.048,34.79406,2
32.0736,34.7843,0
32.102224,34.785543,0
32.1138,34.8418,0
32.094614,34.798612,0
32.067037,34.767475,0
32.072,34.7911,0
32.1243,34.8028,0
32.106566,34.797869,0
32.096792,34.797362,0
32.09727,34.77644,0
32.056145,34.781402,0
32.080572,34.788038,0
32.110047,34.79029,0
32.0966,34.7738,0
32.089591,34.773092,0
32.122292,34.818229,0
32.125093,34.801667,0
32.095042,34.792425,0
32.03988,34.76833,1
32.054935,34.760619,1
32.04927,34.80414,1
32.04971,34.79544,1
32.05118,34.7726,1
32.12039,34.79739,1
32.079462,34.776901,1
32.05077,34.78989,1
32.119821,34.821159,1
32.098032,34.798089,1
32.11878,34.81869,1
32.11697,34.81161,1
32.13841,34.79391,1
32.05308,34.76994,1
32.11981,34.81673,1
32.05003,34.77371,1
32.139294,34.792075,2
32.09345,34.79982,2
32.068052,34.802363,2
32.0619,34.7901,0
32.072537,34.784071,0
32.08855,34.788687,0
32.061358,34.761935,0
32.058374,34.775729,0
32.1049,34.7892,0
32.05419,34.79014,0
32.0572,34.791699,0
32.0421,34.779484,0
32.0609,34.7944,0
32.111305,34.807381,0
32.093315,34.784909,1
32.09019,34.778027,1
32.0471,34.80944,1
32.094346,34.776588,1
32.068638,34.777958,1
32.075488,34.779795,1
32.12296,34.80245,1
32.093871,34.785879,1
32.04787,34.75187,1
32.12087,34.82965,1
32.05456,34.8009,1
32.04959,34.78274,1
32.12006,34.83303,1
32.11404,34.83499,1
32.1134,34.81936,1
32.04863,34.76079,1
32.12112,34.79365,1
32.06765,34.79978,1
32.11783,34.78729,1
32.05203,34.81178,1
32.06043,34.77269,1
32.05272,34.76779,1
32.069981,34.763805,1
32.11602,34.78621,1
32.04858,34.81011,1
32.09511,34.77792,2
32.107032,34.821409,2
32.05758,34.81073,2
32.11813,34.83165,2
32.111635,34.838763,0
32.053587,34.755045,0
32.092356,34.774966,0
32.111376,34.837037,0
32.120495,34.7926,0
32.06855,34.78823,0
32.0989,34.778,0
32.088814,34.777784,0
32.116455,34.787799,0
32.124,34.7917,0
32.112999,34.79869,0
32.052487,34.756501,0
32.053553,34.762797,1
32.083701,34.785538,1
32.070599,34.776225,1
32.14266,34.7918,1
32.04508,34.80747,1
32.04694,34.77638,1
32.074095,34.769072,1
32.12472,34.83751,1
32.114,34.8188,1
32.11919,34.83855,1
32.1212,34.80736,1
32.10711,34.79805,1
32.0487,34.76012,1
32.05208,34.78138,1
32.066739,34.782168,2
32.081666,34.774062,2
32.054265,34.78285,0
32.066954,34.772503,0
32.076125,34.776436,0
32.0617,34.7844,0
32.07837,34.78253,0
32.061717,34.767103,0
32.055719,34.756039,0
32.11185,34.81209,0
32.090151,34.783455,0
32.06036,34.76154,0
32.093777,34.783564,0
32.1021,34.7892,0
32.059834,34.772457,0
32.116782,34.843358,0
32.074877,34.773515,0
32.050287,34.752289,0
32.0986,34.7884,0
32.063111,34.769903,1
32.074182,34.769797,1
32.07896,34.773268,1
32.091177,34.790288,1
32.085268,34.777064,1
32.072235,34.774545,1
32.04911,34.75979,1
32.1089,34.82396,1
32.09976,34.783898,1
32.05956,34.76919,1
32.098603,34.778565,1
32.04371,34.77938,1
32.05984,34.76973,1
32.0468,34.75733,1
32.05389,34.7926,1
32.0873,34.79436,1
32.04727,34.80564,1
32.086838,34.78117,1
32.04994,34.7761,1
32.05201,34.75845,1
32.04659,34.81291,1
32.12349,34.79775,1
32.04863,34.80518,1
32.076217,34.771447,2
32.051513,34.749902,0
32.089773,34.790547,0
32.0698,34.7913,0
32.083417,34.79182,0
32.093463,34.778592,0
32.095524,34.773635,0
32.083389,34.769872,0
32.111722,34.816493,0
32.121978,34.834448,0
32.067618,34.797781,0
32.053555,34.753245,0
32.065732,34.776003,0
32.04409,34.80421,0
32.063478,34.781764,0
32.045083,34.76748,0
32.12047,34.800318,0
32.076318,34.767295,0
32.065721,34.776917,0
32.113114,34.807582,0
32.047511,34.759492,1
32.079825,34.77445,1
32.069815,34.795398,1
32.117818,34.839188,1
32.082109,34.781687,1
32.11402,34.81248,1
32.07863,34.79711,1
32.07282,34.76891,1
32.06266,34.76618,1
32.070695,34.781803,1
32.05907,34.80245,1
32.05082,34.78246,1
32.05046,34.77474,1
32.05005,34.77728,1
32.080102,34.785962,1
32.08989,34.79195,1
32.0751,34.77859,1
32.12626,34.80516,1
32.086848,34.788229,2
32.057609,34.7643,2
32.1405,34.79202,3
32.1097,34.8408,0
32.070423,34.794824,0
32.094177,34.775399,0
32.073391,34.778651,0
32.072323,34.790555,0
32.088379,34.775111,0
32.099643,34.785669,0
32.077777,34.778636,0
32.087613,34.784496,0
32.079221,34.788357,0
32.1017,34.7917,0
32.107238,34.83433,0
32.0502,34.7986,1
32.0576,34.80677,1
32.05498,34.7548,1
32.069777,34.766401,1
32.04427,34.79306,1
32.05153,34.77901,1
32.05,34.79302,1
32.05361,34.7938,1
32.04998,34.7819,1
32.05155,34.77293,1
32.08163,34.7708,1
32.12382,34.80276,1
32.1155,34.81294,1
32.07011,34.76856,1
32.04847,34.75854,1
32.0624,34.76865,1
32.083175,34.776552,1
32.08829,34.794266,2
32.071247,34.779381,3
32.05149,34.78682,3
32.03761,34.751066,0
32.06645,34.786325,0
32.0755,34.8014,0
32.041052,34.769815,0
32.111506,34.840876,0
32.064615,34.795787,0
32.080801,34.768594,0
32.087458,34.771417,0
32.091821,34.773057,0
32.081438,34.776281,0
32.074684,34.798119,0
32.081844,34.777613,0
32.110506,34.83111,0
32.106567,34.832598,0
32.113535,34.84241,0
32.1059,34.8134,0
32.0849,34.7966,0
32.083,34.7806,1
32.093232,34.791399,1
32.12168,34.82248,1
32.05951,34.77114,1
32.12222,34.80249,1
32.12559,34.80735,1
32.091512,34.783599,1
32.12621,34.79233,1
32.107998,34.802707,1
32.05505,34.75352,1
32.07903,34.77095,1
32.05487,34.80011,1
32.089715,34.779953,2
32.143248,34.79234,2
32.086678,34.791337,2
32.0919,34.7822,2
32.130074,34.791931,2
32.1132,34.7959,0
32.078041,34.791354,0
32.106652,34.835506,0
32.056754,34.760987,0
32.10781,34.83784,0
32.080738,34.77968,0
32.0882,34.7714,0
32.107753,34.793926,0
32.062973,34.776415,0
32.109362,34.81926,0
32.058597,34.8004,0
32.05318,34.79927,0
32.0369,34.7625,0
32.116362,34.807152,0
32.104012,34.810347,0
32.111344,34.801714,1
32.073687,34.765448,1
32.114591,34.791377,1
32.05197,34.77338,1
32.11868,34.83961,1
32.05869,34.76894,1
32.05649,34.80871,1
32.12101,34.82601,1
32.10074,34.78741,1
32.11102,34.81571,1
32.04347,34.77608,1
32.12621,34.80114,1
32.062158,34.764832,0
32.067507,34.768924,0
32.085348,34.783269,0
32.050787,34.771715,0
32.04795,34.778063,0
32.055602,34.783771,0
32.117448,34.797333,0
32.0625,34.781,0
32.07669,34.772553,0
32.10379,34.809804,0
32.066956,34.793493,0
32.1034,34.8059,0
32.055198,34.757884,0
32.113723,34.82452,0
32.1142,34.8013,0
32.0887,34.7969,1
32.05544,34.767762,1
32.06271,34.80577,1
32.096128,34.790745,1
32.075637,34.766552,1
32.04014,34.75798,1
32.11915,34.82437,1
32.04605,34.80067,1
32.056237,34.769956,1
32.14283,34.7985,1
32.11219,34.81809,1
32.0756,34.7849,1
32.05023,34.7825,1
32.11852,34.78741,1
32.10233,34.78638,1
32.05528,34.79163,1
32.11174,34.81501,1
32.081213,34.79171,1
32.069539,34.773371,1
32.12325,34.81157,1
32.11697,34.78737,1
32.0551,34.80743,1
32.08437,34.774964,1
32.12708,34.83534,1
32.12887,34.79321,1
32.050298,34.757023,2
32.066829,34.783039,2
32.05758,34.81073,2
32.11811,34.83166,2
32.083417,34.79182,0
32.106652,34.835506,0
32.067037,34.767475,0
32.073391,34.778651,0
32.117448,34.797333,0
32.11185,34.81209,0
32.087458,34.771417,0
32.099643,34.785669,0
32.081844,34.777613,0
32.076318,34.767295,0
32.0421,34.779484,0
32.087613,34.784496,0
32.059834,34.772457,0
32.1142,34.8013,0
32.063111,34.769903,1
32.093315,34.784909,1
32.117818,34.839188,1
32.12472,34.83751,1
32.056237,34.769956,1
32.11868,34.83961,1
32.05361,34.7938,1
32.05077,34.78989,1
32.0873,34.79436,1
32.12101,34.82601,1
32.05528,34.79163,1
32.12621,34.80114,1
32.091512,34.783599,1
32.0624,34.76865,1
32.08437,34.774964,1
32.071247,34.779381,3
32.06645,34.786325,0
32.0617,34.7844,0
32.0755,34.8014,0
32.06119,34.78355,0
32.111506,34.840876,0
32.079074,34.783401,0
32.064615,34.795787,0
32.080801,34.768594,0
32.120495,34.7926,0
32.110047,34.79029,0
32.074684,34.798119,0
32.093777,34.783564,0
32.055198,34.757884,0
32.076217,34.771447,1
32.111344,34.801714,1
32.085268,34.777064,1
32.14266,34.7918,1
32.035393,34.75873,1
32.114591,34.791377,1
32.04911,34.75979,1
32.04427,34.79306,1
32.05869,34.76894,1
32.11402,34.81248,1
32.06705,34.78149,1
32.07282,34.76891,1
32.06266,34.76618,1
32.12176,34.80587,1
32.1212,34.80736,1
32.1134,34.81936,1
32.081213,34.79171,1
32.11878,34.81873,1
32.04847,34.75854,1
32.04863,34.76079,1
32.04659,34.81291,1
32.11783,34.78729,1
32.11697,34.78737,1
32.12349,34.79775,1
32.12709,34.83535,1
32.07903,34.77095,1
32.096128,34.790745,2
32.130074,34.791931,2
32.03761,34.751066,0
32.0736,34.7843,0
32.1132,34.7959,0
32.085348,34.783269,0
32.1138,34.8418,0
32.07837,34.78253,0
32.072537,34.784071,0
32.056754,34.760987,0
32.0882,34.7714,0
32.080572,34.788038,0
32.05318,34.79927,0
32.0609,34.7944,0
32.07729,34.76644,1
32.07896,34.773268,1
32.073687,34.765448,1
32.0502,34.7986,1
32.05498,34.7548,1
32.09019,34.778027,1
32.05197,34.77338,1
32.12559,34.80735,1
32.04727,34.80564,1
32.05082,34.78246,1
32.04994,34.7761,1
32.080102,34.785962,1
32.12802,34.82996,1
32.12626,34.80516,1
32.050298,34.757023,2
32.139294,34.792075,2
32.057609,34.7643,2
32.1405,34.79202,3
32.054265,34.78285,0
32.111635,34.838763,0
32.04795,34.778063,0
32.093463,34.778592,0
32.061717,34.767103,0
32.055719,34.756039,0
32.121978,34.834448,0
32.072323,34.790555,0
32.065732,34.776003,0
32.081438,34.776281,0
32.109362,34.81926,0
32.0966,34.7738,0
32.12047,34.800318,0
32.088814,34.777784,0
32.106567,34.832598,0
32.079135,34.779073,0
32.095042,34.792425,0
32.084926,34.773751,1
32.070599,34.776225,1
32.083968,34.771001,1
32.03989,34.76835,1
32.099246,34.781252,1
32.079462,34.776901,1
32.093871,34.785879,1
32.05907,34.80245,1
32.08163,34.7708,1
32.12006,34.83301,1
32.098032,34.798089,1
32.086838,34.78117,1
32.05201,34.75845,1
32.11981,34.81673,1
32.11602,34.78621,1
32.09511,34.77792,2
32.09345,34.79982,2
32.086678,34.791337,2
32.048,34.79406,2
32.066954,34.772503,0
32.067507,34.768924,0
32.083389,34.769872,0
32.062146,34.790668,0
32.111376,34.837037,0
32.091821,34.773057,0
32.061358,34.761935,0
32.062973,34.776415,0
32.089591,34.773092,0
32.06036,34.76154,0
32.09478,34.79728,0
32.1021,34.7892,0
32.112999,34.79869,0
32.10379,34.809804,0
32.079221,34.788357,0
32.050287,34.752289,0
32.111305,34.807381,0
32.0849,34.7966,0
32.083,34.7806,1
32.074182,34.769797,1
32.05544,34.767762,1
32.069815,34.795398,1
32.093232,34.791399,1
32.09976,34.783898,1
32.12039,34.79739,1
32.068052,34.802363,1
32.114,34.8188,1
32.10711,34.79805,1
32.070695,34.781803,1
32.04959,34.78274,1
32.05046,34.77474,1
32.10074,34.78741,1
32.0487,34.76012,1
32.12112,34.79365,1
32.05203,34.81178,1
32.107998,34.802707,1
32.05276,34.76784,1
32.11624,34.79682,1
32.05505,34.75352,1
32.05487,34.80011,1
32.089715,34.779953,2
32.107158,34.802274,2
32.08829,34.794266,2
32.14417,34.79991,2
32.05149,34.78682,3
32.051513,34.749902,0
32.089773,34.790547,0
32.102224,34.785543,0
32.111722,34.816493,0
32.092356,34.774966,0
32.1243,34.8028,0
32.088379,34.775111,0
32.058597,34.8004,0
32.045083,34.76748,0
32.124,34.7917,0
32.104012,34.810347,0
32.091177,34.790288,1
32.0576,34.80677,1
32.04694,34.77638,1
32.04927,34.80414,1
32.04971,34.79544,1
32.04014,34.75798,1
32.094346,34.776588,1
32.075488,34.779795,1
32.04998,34.7819,1
32.04787,34.75187,1
32.04371,34.77938,1
32.11219,34.81809,1
32.05984,34.76973,1
32.11231,34.78782,1
32.12382,34.80276,1
32.073063,34.771625,1
32.06765,34.79978,1
32.11128,34.82668,1
32.06043,34.77269,1
32.107032,34.821409,2
32.057382,34.767238,2
32.0919,34.7822,2
32.1097,34.8408,0
32.0619,34.7901,0
32.0698,34.7913,0
32.08855,34.788687,0
32.053555,34.753245,0
32.090151,34.783455,0
32.063478,34.781764,0
32.0989,34.778,0
32.086521,34.779746,0
32.116782,34.843358,0
32.074877,34.773515,0
32.113535,34.84241,0
32.1017,34.7917,0
32.107238,34.83433,0
32.113114,34.807582,0
32.083701,34.785538,1
32.077521,34.769002,1
32.079825,34.77445,1
32.072235,34.774545,1
32.0471,34.80944,1
32.11915,34.82437,1
32.05956,34.76919,1
32.05791,34.81113,1
32.12222,34.80249,1
32.0468,34.75733,1
32.05021,34.78251,1
32.119821,34.821159,1
32.10233,34.78638,1
32.03873,34.75158,1
32.05005,34.77728,1
32.0551,34.80743,1
32.0751,34.77859,1
32.083175,34.776552,1
32.04863,34.80518,1
32.066739,34.782168,2
32.081666,34.774062,2
32.086848,34.788229,2
32.12117,34.80913,2
32.068993,34.782176,2
32.078041,34.791354,0
32.062158,34.764832,0
32.070423,34.794824,0
32.06879,34.796905,0
32.053587,34.755045,0
32.080738,34.77968,0
32.106566,34.797869,0
32.096792,34.797362,0
32.07669,34.772553,0
32.076339,34.78686,0
32.087199,34.772954,0
32.116455,34.787799,0
32.127629,34.831681,0
32.125093,34.801667,0
32.052487,34.756501,0
32.113723,34.82452,0
32.065721,34.776917,0
32.053553,34.762797,1
32.12948,34.78947,1
32.06271,34.80577,1
32.054935,34.760619,1
32.069777,34.766401,1
32.068638,34.777958,1
32.05118,34.7726,1
32.04605,34.80067,1
32.05,34.79302,1
32.12298,34.80243,1
32.14283,34.7985,1
32.11174,34.81501,1
32.05208,34.78138,1
32.05308,34.76994,1
32.12621,34.79233,1
32.05003,34.77371,1
32.12887,34.79321,1
32.04858,34.81011,1
32.080018,34.76889,2
32.143248,34.79234,2
32.076125,34.776436,0
32.050787,34.771715,0
32.089229,34.786514,0
32.094614,34.798612,0
32.094177,34.775399,0
32.107753,34.793926,0
32.058374,34.775729,0
32.09727,34.77644,0
32.04409,34.80421,0
32.056145,34.781402,0
32.05419,34.79014,0
32.122292,34.818229,0
32.066956,34.793493,0
32.1059,34.8134,0
32.0887,34.7969,1
32.082109,34.781687,1
32.04508,34.80747,1
32.074095,34.769072,1
32.1089,34.82396,1
32.12315,34.83715,1
32.12519,34.83091,1
32.12168,34.82248,1
32.078621,34.797969,1
32.05155,34.77293,1
32.11919,34.83855,1
32.03884,34.76027,1
32.0756,34.7849,1
32.1155,34.81294,1
32.07011,34.76856,1
32.11951,34.81917,1
32.12325,34.81157,1
32.11697,34.81161,1
32.08989,34.79195,1
32.069981,34.763805,1
32.0809,34.7887,2
32.07005,34.772739,2
32.041052,34.769815,0
32.055602,34.783771,0
32.095524,34.773635,0
32.10781,34.83784,0
32.072,34.7911,0
32.067618,34.797781,0
32.0625,34.781,0
32.06855,34.78823,0
32.1049,34.7892,0
32.077777,34.778636,0
32.0572,34.791699,0
32.110506,34.83111,0
32.1066,34.8043,0
32.0369,34.7625,0
32.1034,34.8059,0
32.116362,34.807152,0
32.0986,34.7884,0
32.047511,34.759492,1
32.082191,34.771216,1
32.075637,34.766552,1
32.05153,34.77901,1
32.11879,34.82173,1
32.05281,34.77089,1
32.07863,34.79711,1
32.098603,34.778565,1
32.05951,34.77114,1
32.12087,34.82965,1
32.05649,34.80871,1
32.05456,34.8009,1
32.05391,34.79263,1
32.11852,34.78741,1
32.11404,34.83499,1
32.069539,34.773371,1
32.11102,34.81571,1
32.04347,34.77608,1
32.13841,34.79391,1
32.066829,34.783039,2
32.1405,34.79202,3
32.05149,34.78682,3
32.062158,34.764832,0
32.041052,34.769815,0
32.06879,34.796905,0
32.1138,34.8418,0
32.055602,34.783771,0
32.06119,34.78355,0
32.094614,34.798612,0
32.095524,34.773635,0
32.061717,34.767103,0
32.1243,34.8028,0
32.062973,34.776415,0
32.1049,34.7892,0
32.074684,34.798119,0
32.06036,34.76154,0
32.127629,34.831681,0
32.112999,34.79869,0
32.079221,34.788357,0
32.111305,34.807381,0
32.07729,34.76644,1
32.05544,34.767762,1
32.075637,34.766552,1
32.04605,34.80067,1
32.05153,34.77901,1
32.12168,34.82248,1
32.12298,34.80243,1
32.078621,34.797969,1
32.04371,34.77938,1
32.05077,34.78989,1
32.12006,34.83301,1
32.11174,34.81501,1
32.04847,34.75854,1
32.11128,34.82668,1
32.05276,34.76784,1
32.08437,34.774964,1
32.083175,34.776552,1
32.12626,34.80516,1
32.04863,34.80518,1
32.080018,34.76889,2
32.0919,34.7822,2
32.071247,34.779381,3
32.067507,34.768924,0
32.111722,34.816493,0
32.117448,34.797333,0
32.08855,34.788687,0
32.067618,34.797781,0
32.080738,34.77968,0
32.092356,34.774966,0
32.11185,34.81209,0
32.080801,34.768594,0
32.0966,34.7738,0
32.05419,34.79014,0
32.05318,34.79927,0
32.116455,34.787799,0
32.09478,34.79728,0
32.125093,34.801667,0
32.074877,34.773515,0
32.0986,34.7884,0
32.1059,34.8134,0
32.063111,34.769903,1
32.073687,34.765448,1
32.12948,34.78947,1
32.0471,34.80944,1
32.12039,34.79739,1
32.098603,34.778565,1
32.03884,34.76027,1
32.0756,34.7849,1
32.098032,34.798089,1
32.07011,34.76856,1
32.04347,34.77608,1
32.12621,34.80114,1
32.04858,34.81011,1
32.09345,34.79982,2
32.1132,34.7959,0
32.066954,34.772503,0
32.083417,34.79182,0
32.111506,34.840876,0
32.10781,34.83784,0
32.080572,34.788038,0
32.087613,34.784496,0
32.116362,34.807152,0
32.111344,34.801714,1
32.083701,34.785538,1
32.07896,34.773268,1
32.085268,34.777064,1
32.06273,34.80579,1
32.093232,34.791399,1
32.054935,34.760619,1
32.05281,34.77089,1
32.05951,34.77114,1
32.05021,34.78251,1
32.11852,34.78741,1
32.10233,34.78638,1
32.04994,34.7761,1
32.12325,34.81157,1
32.05203,34.81178,1
32.12621,34.79233,1
32.0751,34.77859,1
32.066739,34.782168,2
32.139294,34.792075,2
32.057382,34.767238,2
32.12117,34.80913,2
32.08829,34.794266,2
32.130074,34.791931,2
32.06645,34.786325,0
32.051513,34.749902,0
32.0617,34.7844,0
32.089773,34.790547,0
32.094177,34.775399,0
32.065732,34.776003,0
32.120495,34.7926,0
32.081438,34.776281,0
32.056145,34.781402,0
32.110047,34.79029,0
32.0989,34.778,0
32.0572,34.791699,0
32.12047,34.800318,0
32.106567,34.832598,0
32.059834,34.772457,0
32.065721,34.776917,0
32.107238,34.83433,0
32.035393,34.75873,1
32.082109,34.781687,1
32.1089,34.82396,1
32.04014,34.75798,1
32.09976,34.783898,1
32.099246,34.781252,1
32.11402,34.81248,1
32.14283,34.7985,1
32.0468,34.75733,1
32.08163,34.7708,1
32.1155,34.81294,1
32.05528,34.79163,1
32.11878,34.81873,1
32.0487,34.76012,1
32.13841,34.79391,1
32.03873,34.75158,1
32.05005,34.77728,1
32.057609,34.7643,2
32.085348,34.783269,0
32.083389,34.769872,0
32.073391,34.778651,0
32.064615,34.795787,0
32.058374,34.775729,0
32.077777,34.778636,0
32.045083,34.76748,0
32.0369,34.7625,0
32.113535,34.84241,0
32.113723,34.82452,0
32.091177,34.790288,1
32.070599,34.776225,1
32.14266,34.7918,1
32.114591,34.791377,1
32.079825,34.77445,1
32.117818,34.839188,1
32.04508,34.80747,1
32.094346,34.776588,1
32.114,34.8188,1
32.07863,34.79711,1
32.06705,34.78149,1
32.06266,34.76618,1
32.05984,34.76973,1
32.12176,34.80587,1
32.12087,34.82965,1
32.10711,34.79805,1
32.11231,34.78782,1
32.0873,34.79436,1
32.119821,34.821159,1
32.12382,34.80276,1
32.086838,34.78117,1
32.11102,34.81571,1
32.11697,34.78737,1
32.091512,34.783599,1
32.12887,34.79321,1
32.089715,34.779953,2
32.081666,34.774062,2
32.048,34.79406,2
32.14413,34.79995,2
32.1097,34.8408,0
32.054265,34.78285,0
32.070423,34.794824,0
32.062146,34.790668,0
32.079074,34.783401,0
32.111376,34.837037,0
32.0882,34.7714,0
32.107753,34.793926,0
32.099643,34.785669,0
32.058597,34.8004,0
32.087199,34.772954,0
32.088814,34.777784,0
32.10379,34.809804,0
32.052487,34.756501,0
32.104012,34.810347,0
32.0502,34.7986,1
32.074095,34.769072,1
32.04427,34.79306,1
32.12519,34.83091,1
32.05197,34.77338,1
32.068052,34.802363,1
32.093871,34.785879,1
32.05155,34.77293,1
32.07282,34.76891,1
32.11219,34.81809,1
32.04959,34.78274,1
32.073063,34.771625,1
32.05487,34.80011,1
32.107158,34.802274,2
32.096128,34.790745,2
32.143248,34.79234,2
32.09511,34.77792,2
32.086848,34.788229,2
32.05758,34.81073,2
32.102224,34.785543,0
32.050787,34.771715,0
32.07837,34.78253,0
32.06855,34.78823,0
32.090151,34.783455,0
32.0421,34.779484,0
32.093777,34.783564,0
32.1066,34.8043,0
32.055198,34.757884,0
32.050287,34.752289,0
32.047511,34.759492,1
32.0576,34.80677,1
32.04911,34.75979,1
32.04694,34.77638,1
32.069777,34.766401,1
32.09019,34.778027,1
32.05361,34.7938,1
32.12222,34.80249,1
32.05907,34.80245,1
32.04727,34.80564,1
32.05046,34.77474,1
32.1134,34.81936,1
32.081213,34.79171,1
32.12112,34.79365,1
32.04659,34.81291,1
32.05208,34.78138,1
32.05308,34.76994,1
32.107998,34.802707,1
32.0624,34.76865,1
32.069981,34.763805,1
32.11602,34.78621,1
32.07903,34.77095,1
32.050298,34.757023,2
32.0809,34.7887,2
32.0736,34.7843,0
32.0619,34.7901,0
32.076125,34.776436,0
32.0698,34.7913,0
32.053587,34.755045,0
32.067037,34.767475,0
32.055719,34.756039,0
32.121978,34.834448,0
32.072,34.7911,0
32.106566,34.797869,0
32.061358,34.761935,0
32.07669,34.772553,0
32.081844,34.777613,0
32.122292,34.818229,0
32.124,34.7917,0
32.095042,34.792425,0
32.1017,34.7917,0
32.1142,34.8013,0
32.113114,34.807582,0
32.083,34.7806,1
32.0887,34.7969,1
32.083968,34.771001,1
32.077521,34.769002,1
32.068638,34.777958,1
32.12315,34.83715,1
32.056237,34.769956,1
32.11879,34.82173,1
32.05869,34.76894,1
32.070695,34.781803,1
32.05456,34.8009,1
32.12559,34.80735,1
32.05082,34.78246,1
32.12101,34.82601,1
32.0551,34.80743,1
32.080102,34.785962,1
32.128,34.82998,1
32.11981,34.81673,1
32.107032,34.821409,2
32.086678,34.791337,2
32.07005,34.772739,2
32.078041,34.791354,0
32.04795,34.778063,0
32.093463,34.778592,0
32.072537,34.784071,0
32.056754,34.760987,0
32.0625,34.781,0
32.087458,34.771417,0
32.09727,34.77644,0
32.04409,34.80421,0
32.063478,34.781764,0
32.109362,34.81926,0
32.110506,34.83111,0
32.086521,34.779746,0
32.066956,34.793493,0
32.1034,34.8059,0
32.0849,34.7966,0
32.05498,34.7548,1
32.069815,34.795398,1
32.04927,34.80414,1
32.04971,34.79544,1
32.05118,34.7726,1
32.11915,34.82437,1
32.11868,34.83961,1
32.04787,34.75187,1
32.05791,34.81113,1
32.05649,34.80871,1
32.11951,34.81917,1
32.06765,34.79978,1
32.11783,34.78729,1
32.08989,34.79195,1
32.12349,34.79775,1
32.05003,34.77371,1
32.074182,34.769797,2
32.068993,34.782176,2
32.11811,34.83166,2
32.03761,34.751066,0
32.0755,34.8014,0
32.111635,34.838763,0
32.089229,34.786514,0
32.106652,34.835506,0
32.072323,34.790555,0
32.053555,34.753245,0
32.091821,34.773057,0
32.096792,34.797362,0
32.088379,34.775111,0
32.076339,34.78686,0
32.089591,34.773092,0
32.076318,34.767295,0
32.1021,34.7892,0
32.116782,34.843358,0
32.079135,34.779073,0
32.0609,34.7944,0
32.076217,34.771447,1
32.053553,34.762797,1
32.084926,34.773751,1
32.082191,34.771216,1
32.03989,34.76835,1
32.072235,34.774545,1
32.093315,34.784909,1
32.12472,34.83751,1
32.075488,34.779795,1
32.05956,34.76919,1
32.05,34.79302,1
32.079462,34.776901,1
32.04998,34.7819,1
32.11919,34.83855,1
32.1212,34.80736,1
32.05391,34.79263,1
32.11404,34.83499,1
32.069539,34.773371,1
32.10074,34.78741,1
32.04863,34.76079,1
32.05201,34.75845,1
32.11697,34.81161,1
32.06043,34.77269,1
32.1271,34.83535,1
32.11624,34.79677,1
32.05505,34.75352,1
32.095524,34.773635,2
32.057382,34.767238,2
32.068052,34.802363,2
32.078621,34.797969,2
32.06036,34.76154,3
32.066954,34.772503,0
32.0617,34.7844,0
32.07729,34.76644,0
32.06879,34.796905,0
32.074182,34.769797,0
32.089229,34.786514,0
32.114591,34.791377,0
32.080738,34.77968,0
32.075637,34.766552,0
32.107032,34.821409,0
32.090151,34.783455,0
32.109362,34.81926,0
32.0989,34.778,0
32.05318,34.79927,0
32.088814,34.777784,0
32.09478,34.79728,0
32.1021,34.7892,0
32.125093,34.801667,0
32.113535,34.84241,0
32.107998,34.802707,0
32.083175,34.776552,0
32.069981,34.763805,0
32.078041,34.791354,1
32.053553,34.762797,1
32.0698,34.7913,1
32.06119,34.78355,1
32.0463,34.80429,1
32.06444,34.80483,1
32.12464,34.83017,1
32.089591,34.773092,1
32.14434,34.79911,1
32.04607,34.77567,1
32.05205,34.81179,1
32.07005,34.772739,2
32.0849,34.7966,5
32.0619,34.7901,0
32.050298,34.757023,0
32.055602,34.783771,0
32.111722,34.816493,0
32.072,34.7911,0
32.09511,34.77792,0
32.080801,34.768594,0
32.0882,34.7714,0
32.094346,34.776588,0
32.110047,34.79029,0
32.099643,34.785669,0
32.052487,34.756501,0
32.069539,34.773371,0
32.0919,34.7822,0
32.12946,34.78945,1
32.092356,34.774966,1
32.1034,34.8059,1
32.04994,34.7761,1
32.05951,34.78108,1
32.069815,34.795398,2
32.06038,34.77945,2
32.04794,34.76488,2
32.03761,34.751066,0
32.067507,34.768924,0
32.04795,34.778063,0
32.086848,34.788229,0
32.111376,34.837037,0
32.054935,34.760619,0
32.056145,34.781402,0
32.08829,34.794266,0
32.087613,34.784496,0
32.080102,34.785962,0
32.072235,34.774545,1
32.0443,34.79306,1
32.05243,34.77687,1
32.06322,34.76479,1
32.10305,34.809,1
32.0369,34.7625,1
32.04802,34.75198,1
32.07361,34.77147,1
32.06182,34.79587,1
32.0505,34.75863,1
32.050787,34.771715,2
32.070599,34.776225,2
32.0809,34.7887,2
32.106652,34.835506,3
32.10438,34.8112,3
32.066739,34.782168,0
32.089773,34.790547,0
32.0887,34.7969,0
32.089715,34.779953,0
32.056754,34.760987,0
32.08855,34.788687,0
32.139294,34.792075,0
32.053555,34.753245,0
32.087458,34.771417,0
32.082109,34.781687,0
32.058374,34.775729,0
32.09019,34.778027,0
32.081438,34.776281,0
32.058597,34.8004,0
32.076339,34.78686,0
32.12047,34.800318,0
32.114,34.8188,0
32.076318,34.767295,0
32.0756,34.7849,0
32.10379,34.809804,0
32.098032,34.798089,0
32.073687,34.765448,1
32.074095,34.769072,1
32.0336,34.74534,1
32.04426,34.77395,1
32.05158,34.76639,1
32.05974,34.77038,1
32.093871,34.785879,1
32.06563,34.78965,1
32.06721,34.78642,1
32.14352,34.79752,1
32.106567,34.832598,1
32.04719,34.80564,1
32.08842,34.78058,1
32.05228,34.76745,1
32.070695,34.781803,2
32.1097,34.8408,3
32.0736,34.7843,0
32.062158,34.764832,0
32.0755,34.8014,0
32.102224,34.785543,0
32.085348,34.783269,0
32.084926,34.773751,0
32.085268,34.777064,0
32.096128,34.790745,0
32.079074,34.783401,0
32.091821,34.773057,0
32.106566,34.797869,0
32.055198,34.757884,0
32.050287,34.752289,0
32.1017,34.7917,0
32.091512,34.783599,0
32.1059,34.8134,0
32.061717,34.767103,1
32.053587,34.755045,1
32.064615,34.795787,1
32.04284,34.74796,1
32.0536,34.79379,1
32.11797,34.82949,1
32.1066,34.8043,1
32.05593,34.80873,1
32.11949,34.82621,1
32.05995,34.78069,1
32.12213,34.81437,1
32.04658,34.81289,1
32.05187,34.78068,1
32.116362,34.807152,1
32.11443,34.82289,1
32.10963,34.82775,1
32.04562,34.78073,1
32.0986,34.7884,1
32.0625,34.781,2
32.062973,34.776415,2
32.063478,34.781764,2
32.076125,34.776436,0
32.111344,34.801714,0
32.094614,34.798612,0
32.062146,34.790668,0
32.055719,34.756039,0
32.107158,34.802274,0
32.077521,34.769002,0
32.117818,34.839188,0
32.093232,34.791399,0
32.096792,34.797362,0
32.088379,34.775111,0
32.1049,34.7892,0
32.056237,34.769956,0
32.099246,34.781252,0
32.05419,34.79014,0
32.093777,34.783564,0
32.127629,34.831681,0
32.079135,34.779073,0
32.073063,34.771625,0
32.074877,34.773515,0
32.069777,34.766401,1
32.05757,34.81092,1
32.075488,34.779795,1
32.07355,34.778,1
32.11782,34.83273,1
32.04375,34.77938,1
32.06876,34.78091,1
32.05197,34.77267,1
32.05275,34.76786,1
32.130074,34.791931,1
32.074684,34.798119,2
32.116782,34.843358,2
32.05178,34.76437,2
32.107238,34.83433,2
32.070423,34.794824,3
32.05942,34.77153,3
32.083,34.7806,0
32.083417,34.79182,0
32.07837,34.78253,0
32.067037,34.767475,0
32.080018,34.76889,0
32.120495,34.7926,0
32.068638,34.777958,0
32.077777,34.778636,0
32.045083,34.76748,0
32.0572,34.791699,0
32.098603,34.778565,0
32.086521,34.779746,0
32.119821,34.821159,0
32.1142,34.8013,0
32.076217,34.771447,1
32.06645,34.786325,1
32.03949,34.75039,1
32.08093,34.78293,1
32.05599,34.76491,1
32.12128,34.81419,1
32.12401,34.83707,1
32.03884,34.76027,1
32.05025,34.74889,1
32.11054,34.83301,1
32.05264,34.75893,1
32.05975,34.7795,1
32.04497,34.75659,1
32.05357,34.75841,1
32.10529,34.81818,1
32.104012,34.810347,1
32.073391,34.778651,2
32.111506,34.840876,4
32.143248,34.79234,4
32.1132,34.7959,0
32.093463,34.778592,0
32.091177,34.790288,0
32.083389,34.769872,0
32.05544,34.767762,0
32.121978,34.834448,0
32.079825,34.77445,0
32.080572,34.788038,0
32.09976,34.783898,0
32.08437,34.774964,0
32.07896,34.773268,1
32.0502,34.7986,1
32.082191,34.771216,1
32.065732,34.776003,1
32.04696,34.77633,1
32.061358,34.761935,1
32.06282,34.78205,1
32.12311,34.83712,1
32.0966,34.7738,1
32.04427,34.77575,1
32.1097,34.79681,1
32.08068,34.7724,1
32.05473,34.78834,1
32.12247,34.81738,1
32.095042,34.792425,1
32.10231,34.78637,1
32.03871,34.75233,1
32.065721,34.776917,1
32.11282,34.83107,1
32.10781,34.83784,2
32.066956,34.793493,2
32.041052,34.769815,0
32.111635,34.838763,0
32.083701,34.785538,0
32.094177,34.775399,0
32.117448,34.797333,0
32.11185,34.81209,0
32.072323,34.790555,0
32.06855,34.78823,0
32.057609,34.7643,0
32.079462,34.776901,0
32.087199,34.772954,0
32.122292,34.818229,0
32.116455,34.787799,0
32.0421,34.779484,0
32.086838,34.78117,0
32.14052,34.79147,1
32.1201,34.84147,1
32.05369,34.79172,1
32.04932,34.80416,1
32.07669,34.772553,1
32.068993,34.782176,1
32.05585,34.7827,1
32.1181,34.83167,1
32.059834,34.772457,1
32.1209,34.82828,1
32.0553,34.7917,1
32.10065,34.78783,1
32.113723,34.82452,1
32.05003,34.77728,1
32.07347,34.77223,1
32.05709,34.78833,1
32.04799,34.79405,1
32.05176,34.76895,1
32.063111,34.769903,2
32.072537,34.784071,2
32.1403,34.79203,2
32.047511,34.759492,0
32.054265,34.78285,0
32.071247,34.779381,0
32.1138,34.8418,0
32.035393,34.75873,0
32.083968,34.771001,0
32.067618,34.797781,0
32.081666,34.774062,0
32.1243,34.8028,0
32.093315,34.784909,0
32.107753,34.793926,0
32.086678,34.791337,0
32.09727,34.77644,0
32.081844,34.777613,0
32.110506,34.83111,0
32.124,34.7917,0
32.112999,34.79869,0
32.079221,34.788357,0
32.0609,34.7944,0
32.113114,34.807582,0
32.111305,34.807381,0
32.04015,34.75799,1
32.04409,34.80421,1
32.05202,34.77344,1
32.0602,34.78395,1
32.07303,34.78146,1
32.0653,34.77564,1
32.06362,34.76604,1
32.081213,34.79171,1
32.12361,34.81517,1
32.13132,34.79361,1
32.14421,34.8,1
32.051513,34.749902,2
32.066829,34.783039,2
32.094177,34.775399,2
32.09345,34.79982,2
32.0966,34.7738,2
32.078041,34.791354,0
32.050787,34.771715,0
32.084926,34.773751,0
32.073687,34.765448,0
32.072537,34.784071,0
32.075637,34.766552,0
32.0989,34.778,0
32.099246,34.781252,0
32.0369,34.7625,0
32.055198,34.757884,0
32.065721,34.776917,0
32.1142,34.8013,0
32.107238,34.83433,0
32.053587,34.755045,1
32.0463,34.80429,1
32.04604,34.80068,1
32.07366,34.77814,1
32.04092,34.75215,1
32.05389,34.7926,1
32.086521,34.779746,1
32.1178,34.78728,1
32.11598,34.82675,1
32.11022,34.82696,1
32.04562,34.78073,1
32.03761,34.751066,0
32.0736,34.7843,0
32.085348,34.783269,0
32.092356,34.774966,0
32.072235,34.774545,0
32.0882,34.7714,0
32.061358,34.761935,0
32.058374,34.775729,0
32.080572,34.788038,0
32.074684,34.798119,0
32.081844,34.777613,0
32.05318,34.79927,0
32.116455,34.787799,0
32.093777,34.783564,0
32.125093,34.801667,0
32.113723,34.82452,0
32.07005,34.772739,0
32.061717,34.767103,1
32.12472,34.83751,1
32.088379,34.775111,1
32.04893,34.78168,1
32.04997,34.79304,1
32.0536,34.79379,1
32.11447,34.79191,1
32.11196,34.78674,1
32.05528,34.79163,1
32.11594,34.7904,1
32.130074,34.791931,1
32.086848,34.788229,2
32.14408,34.79998,2
32.071247,34.779381,3
32.054265,34.78285,0
32.066954,34.772503,0
32.076125,34.776436,0
32.0755,34.8014,0
32.0698,34.7913,0
32.114591,34.791377,0
32.079074,34.783401,0
32.064615,34.795787,0
32.111376,34.837037,0
32.056237,34.769956,0
32.05419,34.79014,0
32.12047,34.800318,0
32.086838,34.78117,0
32.095042,34.792425,0
32.107998,34.802707,0
32.083175,34.776552,0
32.1059,34.8134,0
32.104012,34.810347,0
32.12946,34.78945,1
32.05544,34.767762,1
32.073391,34.778651,1
32.09511,34.77792,1
32.06664,34.77479,1
32.090151,34.783455,1
32.11944,34.82287,1
32.057609,34.7643,1
32.04787,34.75187,1
32.12561,34.80738,1
32.079135,34.779073,1
32.05082,34.78246,1
32.12037,34.82745,1
32.069539,34.773371,1
32.04695,34.75309,1
32.11541,34.78863,1
32.11825,34.83733,1
32.143248,34.79234,2
32.10556,34.81907,2
32.051513,34.749902,0
32.074182,34.769797,0
32.083417,34.79182,0
32.091177,34.790288,0
32.077521,34.769002,0
32.082191,34.771216,0
32.091821,34.773057,0
32.093232,34.791399,0
32.074095,34.769072,0
32.081438,34.776281,0
32.056145,34.781402,0
32.093871,34.785879,0
32.127629,34.831681,0
32.112999,34.79869,0
32.10379,34.809804,0
32.080102,34.785962,0
32.069981,34.763805,0
32.066739,34.782168,1
32.14255,34.79179,1
32.08855,34.788687,1
32.07113,34.76913,1
32.11879,34.82173,1
32.0341,34.7449,1
32.08334,34.78473,1
32.06019,34.76968,1
32.1286,34.83033,1
32.07801,34.77231,1
32.10963,34.82775,1
32.11114,34.78833,1
32.083701,34.785538,2
32.04361,34.75669,2
32.06645,34.786325,0
32.089773,34.790547,0
32.111506,34.840876,0
32.095524,34.773635,0
32.080018,34.76889,0
32.072,34.7911,0
32.065732,34.776003,0
32.0625,34.781,0
32.093315,34.784909,0
32.094346,34.776588,0
32.109362,34.81926,0
32.09976,34.783898,0
32.077777,34.778636,0
32.068052,34.802363,0
32.088814,34.777784,0
32.09478,34.79728,0
32.106567,34.832598,0
32.119821,34.821159,0
32.059834,34.772457,0
32.073063,34.771625,0
32.098032,34.798089,0
32.079221,34.788357,0
32.091512,34.783599,0
32.093463,34.778592,1
32.0502,34.7986,1
32.053555,34.753245,1
32.04694,34.77638,1
32.106566,34.797869,1
32.096792,34.797362,1
32.12296,34.80245,1
32.11689,34.83261,1
32.12128,34.81416,1
32.11342,34.81932,1
32.04659,34.81291,1
32.11695,34.78734,1
32.07675,34.80206,1
32.11725,34.82696,1
32.05558,34.75299,1
32.089229,34.786514,2
32.1034,34.8059,3
32.057382,34.767238,4
32.1132,34.7959,0
32.102224,34.785543,0
32.083389,34.769872,0
32.079825,34.77445,0
32.082109,34.781687,0
32.086678,34.791337,0
32.063478,34.781764,0
32.0572,34.791699,0
32.078621,34.797969,0
32.124,34.7917,0
32.1066,34.8043,0
32.066956,34.793493,0
32.1017,34.7917,0
32.113114,34.807582,0
32.076217,34.771447,1
32.062146,34.790668,1
32.05498,34.7548,1
32.080738,34.77968,1
32.069777,34.766401,1
32.03362,34.74532,1
32.110047,34.79029,1
32.10386,34.7915,1
32.09707,34.79937,1
32.04301,34.74853,1
32.14283,34.7985,1
32.12088,34.8297,1
32.10229,34.78636,1
32.11676,34.79419,1
32.08643,34.79506,1
32.05203,34.81178,1
32.07498,34.77868,1
32.08437,34.774964,1
32.11577,34.79631,1
32.05488,34.80009,1
32.076339,34.78686,2
32.1405,34.79202,3
32.1097,34.8408,0
32.041052,34.769815,0
32.07729,34.76644,0
32.055602,34.783771,0
32.06119,34.78355,0
32.089715,34.779953,0
32.066829,34.783039,0
32.067037,34.767475,0
32.10781,34.83784,0
32.035393,34.75873,0
32.107158,34.802274,0
32.121978,34.834448,0
32.11185,34.81209,0
32.080801,34.768594,0
32.062973,34.776415,0
32.099643,34.785669,0
32.058597,34.8004,0
32.122292,34.818229,0
32.0421,34.779484,0
32.116782,34.843358,0
32.052487,34.756501,0
32.053553,34.762797,1
32.0887,34.7969,1
32.083968,34.771001,1
32.0443,34.79306,1
32.12117,34.80913,1
32.04537,34.75654,1
32.03884,34.76027,1
32.1181,34.83167,1
32.12285,34.80127,1
32.10071,34.78741,1
