Country,Gender,2001,2002,2003,2004,2005,2006,2007,2008,2009,2010,2011,2012,2013,2014,2015,2016,2017,2018
Afghanistan,Female,6.335726,6.746629,4.411310196,4.137720108,7.073396,7.128346,6.915052,7.1397,6.411980152,7.451479,7.226290226,7.518429,7.347691,7.817100048,7.85218,7.693972,7.708672,7.716469765
Albania,Female,10.79098988,6.746629,6.808572,11.01111984,11.52624035,11.70514011,12.19225979,12.34819984,12.62082005,13.38677025,14.1151104,15.02785015,15.42998981,15.78334999,15.60177994,15.40505981,15.51123047,15.50102997
Algeria,Female,6.335726,6.746629,6.808572,12.06363964,12.39492035,12.46570969,12.76791,7.1397,13.69353008,14.21949005,14.57748985,7.518429,7.347691,7.556197,7.85218,7.693972,7.708672,7.138186
American Samoa,Female,6.335726,6.746629,6.808572,7.001296,7.073396,7.128346,6.915052,7.1397,7.40053,7.451479,7.6110217,7.518429,7.347691,7.556197,7.85218,7.693972,7.708672,7.138186
Andorra,Female,6.335726,6.746629,6.808572,7.001296,7.073396,7.128346,6.915052,7.1397,7.40053,7.451479,7.6110217,7.518429,7.347691,7.556197,7.85218,7.693972,7.708672,7.138186
Angola,Female,6.335726,6.746629,6.808572,7.001296,7.073396,7.128346,6.915052,7.1397,7.40053,7.50617981,7.286789894,7.518429,7.347691,7.556197,7.85218,7.693972,7.708672,7.138186
Antigua and Barbuda,Female,6.335726,6.746629,6.808572,7.001296,7.073396,7.128346,16.02486038,7.1397,15.35406017,15.25232983,14.80840969,15.65756989,7.347691,7.556197,7.85218,7.693972,7.708672,7.138186
Arab World,Female,8.89633,9.11091,9.299,9.49509,9.81661,9.90369,9.93671,10.0881,10.16005,10.33187,10.45461,10.76462,10.78224,10.93831,11.13622,11.20071,11.3248,11.48208
Argentina,Female,16.82045937,16.96915054,16.93465996,16.92638016,16.73185921,17.05854034,17.11263084,17.3306694,17.66184044,17.92071915,18.2639904,18.18490982,18.20256996,18.43400955,18.60601997,18.88973999,18.90872955,7.138186
Armenia,Female,6.335726,6.746629,6.808572,7.001296,7.073396,7.128346,12.97066975,12.69365025,13.21605968,13.35496998,13.39542007,7.518429,13.41596031,13.47136021,13.37271976,7.693972,7.708672,13.60293007
Aruba,Female,13.27468014,13.32320023,13.06389999,12.93187046,13.18229008,13.44452953,13.98278999,13.63665009,13.83782959,13.85686016,13.69742012,14.21070957,7.347691,7.556197,7.85218,7.693972,7.708672,7.138186
Australia,Female,6.335726,6.746629,6.808572,7.001296,7.073396,7.128346,6.915052,7.1397,7.40053,7.451479,7.6110217,7.518429,7.347691,7.556197,23.48418045,23.14685059,22.43083,21.08593941
Austria,Female,6.335726,6.746629,6.808572,7.001296,7.073396,7.128346,6.915052,7.1397,7.40053,7.451479,7.6110217,7.518429,16.1604805,16.15559006,16.25942993,16.38343048,16.38728905,16.38978004
Azerbaijan,Female,6.335726,6.746629,6.808572,7.001296,7.073396,7.128346,6.915052,7.1397,7.40053,7.451479,7.6110217,7.518429,7.347691,7.556197,7.85218,7.693972,7.708672,13.42967033
"Bahamas, The",Female,6.335726,6.746629,6.808572,7.001296,7.073396,7.128346,6.915052,7.1397,7.40053,7.451479,7.6110217,7.518429,7.347691,7.556197,7.85218,7.693972,7.708672,7.138186
Bahrain,Female,6.335726,6.746629,14.54407978,7.001296,14.23523045,14.36026001,6.915052,7.1397,7.40053,7.451479,14.25712967,14.33333969,14.57695961,14.65750027,16.58959007,16.99122047,17.03546906,16.67090034
Bangladesh,Female,6.335726,6.746629,6.808572,7.001296,8.791500092,8.928039551,8.998920441,8.860360146,9.307310104,7.451479,7.6110217,7.518429,7.347691,7.556197,7.85218,7.693972,11.97632027,12.39391994
Barbados,Female,14.78281975,6.746629,6.808572,7.001296,7.073396,7.128346,16.3812809,7.1397,17.31763077,16.8334198,16.69400024,7.518429,7.347691,7.556197,7.85218,7.693972,7.708672,7.138186
Belarus,Female,6.335726,6.746629,6.808572,7.001296,7.073396,7.128346,6.915052,16.06866074,16.17564964,16.18482018,16.31588936,16.41332054,16.26033974,16.12820053,16.04199028,16.00441933,15.92977047,15.66329002
Belgium,Female,19.04435921,19.14081955,19.24774933,19.03842926,19.53808022,19.80891991,19.88884926,19.96738052,19.99790001,20.03264999,20.08857918,20.19392967,20.41900063,20.6915493,20.76375008,20.62254906,20.72961998,20.55050087
Belize,Female,11.98027992,6.746629,12.76511955,12.94112015,12.38010979,13.08242035,13.11594009,13.01136017,12.7228899,12.70748043,12.80313969,13.18546963,12.99594975,13.00193024,12.9656496,13.62411976,13.37545967,13.40509987
Benin,Female,5.651939869,6.094339848,6.450250149,6.869190216,7.073396,7.128346,6.915052,7.1397,7.40053,7.451479,9.837200165,7.518429,10.97315025,11.06707954,11.41248989,11.44209003,7.708672,7.138186
Bermuda,Female,6.335726,6.746629,6.808572,7.001296,7.073396,13.56770992,6.915052,7.1397,7.40053,7.451479,13.83633041,13.62452984,13.64013958,13.32487965,13.45886993,7.693972,7.708672,7.138186
Bhutan,Female,6.335726,6.746629,6.808572,7.001296,9.086299896,9.59992981,10.05090046,10.53032017,11.2365799,11.75858021,12.26175022,12.68076992,12.66724014,7.556197,7.85218,7.693972,7.708672,13.46644974
Bolivia,Female,6.335726,6.746629,6.808572,7.001296,7.073396,7.128346,6.915052,7.1397,7.40053,7.451479,7.6110217,7.518429,7.347691,7.556197,7.85218,7.693972,7.708672,7.138186
Bosnia and Herzegovina,Female,6.335726,6.746629,6.808572,7.001296,7.073396,7.128346,6.915052,7.1397,7.40053,7.451479,7.6110217,7.518429,7.347691,7.556197,7.85218,7.693972,7.708672,7.138186
Botswana,Female,12.67022038,12.45201015,12.52202988,12.46329975,12.44384956,12.58543968,6.915052,7.1397,7.40053,7.451479,7.6110217,7.518429,7.347691,7.556197,7.85218,7.693972,7.708672,7.138186
Brazil,Female,6.335726,14.94787979,14.37977982,14.1447401,14.08432007,7.128346,13.69690037,14.19614029,14.23064995,7.451479,14.30490971,7.518429,7.347691,7.556197,7.85218,7.693972,7.708672,7.138186
British Virgin Islands,Female,15.52795029,15.96870995,6.808572,18.59432983,7.073396,7.128346,6.915052,7.1397,17.61587906,7.451479,7.6110217,7.518429,7.347691,7.556197,15.72157001,15.90762997,7.708672,12.35523033
Brunei Darussalam,Female,13.12500954,13.22422028,13.59617043,13.95283031,14.15997028,14.23097992,14.14700031,14.1563797,14.32802963,14.34762001,14.60280037,15.31474972,15.44804955,15.3859396,15.10628033,15.08296013,14.9711504,14.76745033
Bulgaria,Female,13.10083961,12.93327045,13.28022003,13.41217041,13.50615025,13.70967007,14.10727978,14.32989979,14.46627998,14.7109499,14.73985004,14.77035046,15.12376022,15.32503033,15.21026993,14.87127018,14.64192963,14.39992046
Burkina Faso,Female,6.335726,6.746629,3.272550106,7.001296,4.012290001,4.294690132,4.752170086,5.277910233,5.708119869,6.169169903,6.628230095,7.010739803,7.342030048,7.549330235,7.97947979,8.276630402,8.695150375,9.104089737
Burundi,Female,6.335726,6.746629,6.808572,5.076479912,5.439370155,6.900599957,6.915052,7.1397,7.40053,9.83409977,7.6110217,10.52995968,10.81336975,11.20522976,11.38064957,11.45932007,10.9571104,10.89515018
Cabo Verde,Female,11.32999992,11.61557007,11.62817001,11.54267025,11.72418976,12.66339016,12.70695972,12.76486969,12.95575047,13.16201019,13.38411999,13.4091301,13.90139961,13.81204033,13.45820045,13.36594009,13.27068043,13.00302029
Cambodia,Female,7.458630085,8.495400429,6.808572,9.24849987,7.073396,9.687509537,9.862799644,9.913000107,7.40053,7.451479,7.6110217,7.518429,7.347691,7.556197,7.85218,7.693972,7.708672,7.138186
Cameroon,Female,7.827459812,7.301199913,7.695980072,7.667429924,7.582570076,7.392829895,8.147689819,8.51679039,9.050009727,7.451479,9.73993969,10.36868,7.347691,10.99440956,11.33327007,11.33539009,7.708672,7.138186
Canada,Female,6.335726,6.746629,6.808572,7.001296,7.073396,7.128346,15.59181976,15.59961987,15.67339993,15.54195023,15.67426014,16.13960075,16.23354912,16.31386948,16.42598915,16.52371025,16.66986084,16.72260094
Caribbean small states,Female,11.97269,12.40638,12.47897,12.70411,12.99313,13.14144,13.32254,13.75531,13.5431,13.52492,13.55386,13.40468,13.32647,13.20616,13.24984,13.31075,7.708672,7.138186
Cayman Islands,Female,6.335726,6.746629,6.808572,7.001296,7.073396,11.3093996,11.80698013,12.57658958,7.40053,7.451479,7.6110217,7.518429,7.347691,7.556197,7.85218,7.693972,7.708672,7.138186
Central African Republic,Female,6.335726,6.746629,6.808572,7.001296,7.073396,7.128346,6.915052,7.1397,5.197299957,7.451479,7.6110217,5.600850105,7.347691,7.556197,7.85218,7.693972,7.708672,7.138186
Central Europe and the Baltics,Female,14.39137,14.73086,14.98425,14.86079,15.0923,15.27185,15.48817,15.71456,15.87129,16.03916,15.93485,15.83808,16.39822,16.27521,16.22115,16.12334,16.14792,16.02917
Chad,Female,3.634850025,3.905060053,4.052370071,4.117340088,4.037290096,7.128346,6.915052,4.730110168,5.038239956,5.121359825,5.730319977,7.518429,7.347691,6.295090199,5.880819798,7.693972,7.708672,7.138186
Channel Islands,Female,6.335726,6.746629,6.808572,7.001296,7.073396,7.128346,6.915052,7.1397,7.40053,7.451479,7.6110217,7.518429,7.347691,7.556197,7.85218,7.693972,7.708672,7.138186
Chile,Female,6.335726,13.35838985,13.56818008,13.8508997,14.20016003,14.22609043,14.62709045,14.79605007,14.87730026,15.20998955,15.4805603,15.64486027,16.2505703,16.40596008,16.51844978,16.60816956,16.67012978,16.83295059
China,Female,6.335726,6.746629,6.808572,7.001296,7.073396,11.31046963,11.66582966,11.97745037,12.27143002,12.39836025,7.6110217,7.518429,7.347691,7.556197,7.85218,7.693972,7.708672,7.138186
Colombia,Female,6.335726,11.90540028,6.808572,12.44328022,12.95347023,13.3651104,13.6644001,13.76920033,14.27696991,14.26140022,14.30346966,14.05970955,14.5948,14.52628994,14.59222984,14.71792984,14.68204021,14.66849041
Comoros,Female,6.335726,6.746629,8.716890335,7.001296,7.073396,7.128346,6.915052,7.1397,7.40053,7.451479,7.6110217,7.518429,11.08565998,11.11118031,7.85218,7.693972,7.708672,7.138186
"Congo, Dem. Rep.",Female,6.335726,6.746629,6.808572,7.001296,7.073396,7.128346,6.667220116,7.397640228,7.516789913,7.451479,8.183870316,8.151789665,8.522999763,7.556197,7.85218,7.693972,7.708672,7.138186
"Congo, Rep.",Female,6.335726,8.454640388,8.158699989,7.001296,7.073396,7.128346,6.915052,7.1397,7.40053,7.451479,7.6110217,10.58283043,7.347691,7.556197,7.85218,7.693972,7.708672,7.138186
Costa Rica,Female,6.335726,6.746629,6.808572,12.26574039,7.073396,7.128346,6.915052,7.1397,7.40053,7.451479,14.61832047,14.82616997,15.11894989,15.5142498,15.68449974,15.86865997,16.20261955,16.40505981
Cote d'Ivoire,Female,6.335726,6.746629,6.808572,7.001296,7.073396,7.128346,6.915052,7.1397,7.40053,7.451479,7.6110217,7.518429,7.347691,7.496379852,7.921500206,8.527420044,9.048769951,7.138186
Croatia,Female,12.72752953,13.08584023,13.47583961,7.001296,14.29920959,14.63761044,14.69038963,14.6008997,14.61306,15.09514999,15.18885994,15.41730976,15.81173992,15.93918037,15.91065025,15.89955997,15.95024014,15.92405033
Cuba,Female,12.75045013,13.03073978,13.53534985,15.09111023,15.65625,17.16505051,18.55450058,18.93063927,18.7105999,17.47344971,16.62562943,15.41133976,14.61970043,7.556197,14.05729961,14.11583042,14.53835964,14.70576
Curacao,Female,6.335726,6.746629,6.808572,7.001296,7.073396,7.128346,6.915052,7.1397,7.40053,7.451479,7.6110217,7.518429,18.3158493,7.556197,7.85218,7.693972,7.708672,7.138186
Cyprus,Female,12.7055397,13.16119957,13.44443035,13.55107021,13.61229038,13.64060974,13.7915802,14.09547043,14.50000954,13.77460003,13.86723995,14.0336504,14.31682968,14.69701958,14.95707989,14.99038982,15.39406967,15.43400002
Czech Republic,Female,14.42539978,14.71137047,14.98377991,14.7351799,15.05877972,15.28931999,15.63360977,15.87065029,16.33971977,16.5335598,16.60523987,16.61547089,17.36174011,17.50791931,17.64036942,17.58605003,17.52742004,16.80294991
Denmark,Female,17.14801979,16.90040016,6.808572,17.27529907,17.49815941,17.34132004,17.47019958,17.45161057,17.48279953,17.58563995,19.0702095,19.33440018,19.84823036,19.9616909,20.07534027,19.77944946,19.55324936,19.43767929
Djibouti,Female,2.795730114,2.954339981,6.808572,3.479880095,3.736259937,3.887439966,4.453780174,4.882190228,5.264910221,7.451479,6.450369835,7.518429,7.347691,7.556197,7.85218,7.693972,7.708672,7.138186
Dominica,Female,6.335726,6.746629,6.808572,7.001296,7.073396,7.128346,6.915052,7.1397,7.40053,7.451479,7.6110217,7.518429,7.347691,7.556197,7.85218,7.693972,7.708672,7.138186
Dominican Republic,Female,6.335726,6.746629,6.808572,7.001296,7.073396,7.128346,6.915052,7.1397,7.40053,7.451479,7.6110217,14.11211967,7.347691,14.24742031,14.72986984,14.81441021,14.98606968,7.138186
Early-demographic dividend,Female,8.54369,8.75707,9.21774,9.38705,9.62261,9.83343,10.1589,10.42559,10.54713,10.83574,11.15876,11.48941,11.73823,11.96564,12.1185,12.43892,12.38594,12.10571
East Asia & Pacific,Female,10.20295,10.44453,10.66696,10.96969,11.16204,11.31965,11.66667,11.87662,12.10467,12.31075,12.48558,12.67815,12.87958,13.0915,13.27027,13.3943,13.57666,13.76457
Ecuador,Female,6.335726,6.746629,6.808572,7.001296,7.073396,7.128346,6.915052,7.1397,7.40053,7.451479,7.6110217,15.49802971,7.347691,7.556197,15.51443005,7.693972,7.708672,7.138186
"Egypt, Arab Rep.",Female,10.82439995,6.746629,10.85348034,10.89929962,7.073396,7.128346,6.915052,7.1397,11.51791,11.69569016,11.75568008,12.25498009,12.55313969,12.6115303,7.85218,13.09908962,13.31443977,7.138186
El Salvador,Female,11.4064703,11.5883503,11.97994995,12.26263046,12.40283966,12.37580967,13.03085995,12.25072956,12.22651005,12.29677963,12.40769005,12.46450043,12.61347008,12.42257023,12.12895966,11.8721199,11.53866959,11.51648045
Equatorial Guinea,Female,6.335726,6.746629,6.808572,7.001296,7.073396,7.128346,6.915052,7.1397,7.40053,7.451479,7.6110217,7.518429,7.347691,7.556197,7.85218,7.693972,7.708672,7.138186
Eritrea,Female,5.581520081,5.851180077,6.808572,6.705039978,7.073396,7.128346,6.915052,7.1397,7.138160229,7.129370213,7.6110217,7.518429,7.347691,7.82531023,7.32212019,7.693972,7.708672,7.138186
Estonia,Female,16.40065002,16.70009041,16.86642075,17.0153904,17.22360039,17.21570015,17.24865913,17.25592041,17.31452942,17.40553093,17.43020058,17.41290092,17.26214981,17.03764915,16.91341019,16.84926033,16.79528999,16.71953964
Eswatini,Female,6.335726,9.662240028,6.808572,10.18138981,10.44521999,11.02371025,6.915052,7.1397,7.40053,7.451479,11.93770981,7.518429,12.19466972,7.556197,7.85218,7.693972,7.708672,7.138186
Ethiopia,Female,3.894109964,4.227300167,4.374660015,4.78192997,5.656829834,7.128346,6.915052,7.37059021,7.505119801,7.575640202,7.792230129,7.91850996,7.347691,7.556197,7.85218,7.693972,7.708672,7.138186
Euro area,Female,15.95091,15.95468,16.0622,16.10027,16.34087,16.41815,16.42116,16.48593,16.48363,16.59826,16.76137,16.76375,16.85196,16.89466,16.95032,17.00067,17.11744,17.23244
Europe & Central Asia,Female,13.98435,14.20812,14.39476,14.38562,14.55655,14.66609,14.74858,14.81973,14.89887,15.14779,15.30421,15.31664,15.8613,15.90361,15.99879,16.06226,16.09131,16.24222
European Union,Female,15.82395,15.8836,16.01195,16.01561,16.22721,16.23672,16.24574,16.3381,16.38342,16.52401,16.54127,16.518,17.04177,17.02911,17.03919,17.07147,17.17589,17.19787
Faroe Islands,Female,6.335726,6.746629,6.808572,7.001296,7.073396,7.128346,6.915052,7.1397,7.40053,7.451479,7.6110217,7.518429,7.347691,7.556197,7.85218,7.693972,7.708672,7.138186
Fiji,Female,6.335726,6.746629,13.70314026,14.14896965,7.073396,7.128346,6.915052,7.1397,7.40053,7.451479,7.6110217,7.518429,7.347691,7.556197,7.85218,7.693972,7.708672,7.138186
Finland,Female,18.78515053,18.90323067,19.03277969,17.5583992,17.69029999,17.71944046,17.70222092,17.67987061,17.42247009,17.53998947,17.6728096,17.65591049,20.1262207,20.09116936,20.14038086,20.12149048,20.20294952,20.30347061
Fragile and conflict affected situations,Female,6.29453,6.54042,6.81644,7.08792,7.30671,7.49843,7.44056,7.61792,7.8246,8.04476,8.30414,8.53682,8.77497,8.60037,8.61076,8.53895,7.708672,7.138186
France,Female,15.07553005,14.86085987,14.92990017,14.90023994,15.45318985,15.42020035,15.36769962,15.31851959,15.30045986,15.41804028,15.48869991,15.56159019,15.74612045,15.81453037,15.7479496,15.85287952,15.98052979,16.13792992
French Polynesia,Female,6.335726,6.746629,6.808572,7.001296,7.073396,7.128346,6.915052,7.1397,7.40053,7.451479,7.6110217,7.518429,7.347691,7.556197,7.85218,7.693972,7.708672,7.138186
Gabon,Female,6.335726,6.746629,6.808572,7.001296,7.073396,7.128346,6.915052,7.1397,7.40053,7.451479,7.6110217,7.518429,7.347691,7.556197,7.85218,7.693972,7.708672,7.138186
"Gambia, The",Female,6.335726,6.746629,6.808572,7.001296,7.073396,7.128346,6.915052,7.975989819,7.990149975,7.927979946,7.6110217,7.518429,7.347691,7.556197,7.85218,7.693972,7.708672,7.138186
Georgia,Female,13.76459026,13.97749043,14.04671955,14.10254955,14.22214031,14.06982994,6.915052,13.47216034,7.40053,7.451479,7.6110217,7.518429,14.34210014,14.55770016,14.81770039,14.95318031,15.28092957,15.53048038
Germany,Female,6.335726,6.746629,6.808572,7.001296,7.073396,7.128346,6.915052,7.1397,7.40053,7.451479,7.6110217,7.518429,16.59387016,16.6177597,16.72620964,16.82025909,16.91136932,16.90873909
Ghana,Female,6.877379894,7.156380177,7.050020218,7.370800018,7.973499775,8.42881012,9.079299927,9.594739914,9.743080139,7.451479,10.48363018,10.75697041,10.98810005,10.76309967,11.29491043,11.35663986,11.31040001,11.3762598
Gibraltar,Female,12.16022968,6.746629,6.808572,7.001296,7.073396,7.128346,6.915052,11.94550037,12.12277031,7.451479,7.6110217,7.518429,7.347691,7.556197,7.85218,7.693972,7.708672,7.138186
Greece,Female,14.88175011,15.36641979,15.38395977,15.69250011,16.28170967,16.4085598,15.83351994,7.1397,7.40053,16.78190994,16.90748978,17.16814995,17.31731033,17.79460907,7.85218,18.54898071,19.04327965,19.45849037
Greenland,Female,6.335726,6.746629,6.808572,7.001296,7.073396,7.128346,6.915052,7.1397,7.40053,7.451479,7.6110217,7.518429,7.347691,7.556197,7.85218,7.693972,7.708672,7.138186
Grenada,Female,6.335726,6.746629,6.808572,7.001296,7.073396,7.128346,6.915052,7.1397,18.29858017,7.451479,7.6110217,7.518429,7.347691,7.556197,19.01870918,19.36046028,18.87457085,19.1821003
Guam,Female,6.335726,6.746629,6.808572,7.001296,7.073396,7.128346,6.915052,7.1397,7.40053,7.451479,7.6110217,7.518429,7.347691,7.556197,7.85218,7.693972,7.708672,7.138186
Guatemala,Female,6.335726,8.45800972,6.808572,7.001296,7.073396,7.128346,10.05395985,7.1397,7.40053,7.451479,7.6110217,7.518429,10.45191002,10.50557995,10.60486984,7.693972,7.708672,7.138186
Guinea,Female,6.335726,6.746629,6.808572,5.179820061,5.685929775,6.098830223,6.915052,6.65376997,7.40053,7.451479,7.191120148,7.518429,7.347691,7.670149803,7.85218,7.693972,7.708672,7.138186
Guinea-Bissau,Female,6.335726,6.746629,6.808572,7.001296,7.073396,7.128346,6.915052,7.1397,7.40053,7.451479,7.6110217,7.518429,7.347691,7.556197,7.85218,7.693972,7.708672,7.138186
Guyana,Female,6.335726,6.746629,6.808572,7.001296,11.65577984,7.128346,10.83401966,10.87835979,10.79955959,11.17660999,11.6598196,11.5916996,7.347691,7.556197,7.85218,7.693972,7.708672,7.138186
Haiti,Female,6.335726,6.746629,6.808572,7.001296,7.073396,7.128346,6.915052,7.1397,7.40053,7.451479,7.6110217,7.518429,7.347691,7.556197,7.85218,7.693972,7.708672,7.138186
High income,Female,15.17966,15.28589,15.45456,15.56094,15.73029,15.77057,15.84333,15.94941,16.07054,16.17615,16.26431,16.30116,16.60036,16.67629,16.72638,16.71888,16.75045,16.75151
Honduras,Female,6.335726,6.746629,6.808572,7.001296,7.073396,7.128346,6.915052,10.73367023,7.40053,10.74431038,7.6110217,10.55010986,10.32806015,10.05037022,10.33073044,10.36417961,10.49096012,7.138186
"Hong Kong SAR, China",Female,6.335726,6.746629,6.808572,7.001296,7.073396,7.128346,6.915052,7.1397,7.40053,7.451479,7.6110217,15.72297001,16.19437981,16.46666908,16.64624977,16.69223022,16.83182907,17.14542961
Hungary,Female,14.85900974,15.22624016,15.68037987,15.38029957,15.6750803,15.82437992,15.81387997,15.7535696,15.6155901,15.64941025,15.52937984,15.5559597,16.01371956,15.81624031,15.56669998,15.39906025,15.52507973,15.42066956
IBRD only,Female,9.84351,10.07627,10.49254,10.68899,10.91812,11.08514,11.38477,11.68292,11.8033,12.04879,12.31159,12.59545,12.94611,13.17697,13.30519,13.57878,13.58647,13.39945
Iceland,Female,18.02345085,18.58865929,19.40562057,19.03070068,19.25,19.47241974,19.54546928,19.70076942,19.6007309,19.76332092,19.67733002,19.93795013,20.6640892,20.82847023,20.4957695,20.36582947,20.16456985,20.21241951
IDA & IBRD total,Female,8.77272,8.9808,9.33324,9.52373,9.75744,9.92462,10.14988,10.39467,10.5281,10.74917,10.97214,11.20827,11.47844,11.61219,11.70493,11.87568,11.87853,11.78404
IDA blend,Female,6.40468,6.42923,6.72694,7.08106,7.3144,7.43497,7.4162,7.40774,7.6644,7.87663,8.00006,8.27794,8.59927,8.4157,8.4199,8.40464,8.38062,8.48337
IDA only,Female,6.32521,6.64695,6.88896,7.03667,7.3259,7.60704,7.81168,8.09733,8.28425,8.48221,8.70529,8.84055,8.91681,8.98669,9.07223,9.12371,9.17876,9.29127
IDA total,Female,6.36277,6.58599,6.84661,7.06137,7.33235,7.56068,7.6928,7.88282,8.09238,8.29443,8.48418,8.66488,8.82045,8.80612,8.86419,8.89279,8.92081,9.02938
India,Female,7.371280193,7.649390221,8.612999916,7.001296,7.073396,7.128346,9.750349998,7.1397,10.22719002,10.53427029,11.01766968,7.518429,11.89286995,12.2393198,12.32855988,12.87872982,12.63871002,7.138186
Indonesia,Female,10.43492031,10.61417961,10.80105019,10.91154957,7.073396,10.87007046,11.55852985,11.55058956,12.01741982,12.37477016,12.61985016,12.97548008,12.91466045,12.86707973,13.31348038,13.41810989,13.59187031,13.67323971
"Iran, Islamic Rep.",Female,11.27871037,11.32011986,11.38035011,11.43525028,11.38751984,11.67446995,12.04580021,12.56795979,12.5469799,12.62607002,13.07641029,14.59694958,14.34428024,14.35857964,7.85218,14.66948032,14.57489967,7.138186
Iraq,Female,6.335726,6.746629,6.808572,8.752079964,7.073396,7.128346,6.915052,7.1397,7.40053,7.451479,7.6110217,7.518429,7.347691,7.556197,7.85218,7.693972,7.708672,7.138186
Ireland,Female,17.10586929,17.39608955,17.60222054,17.43943024,17.49482918,17.1386795,17.16287041,17.39962959,17.18153,17.58342934,17.94301987,17.94623947,7.347691,18.41872978,18.82530975,18.87408066,18.79072952,20.23126984
Isle of Man,Female,6.335726,6.746629,6.808572,7.001296,7.073396,7.128346,6.915052,7.1397,7.40053,7.451479,7.6110217,7.518429,7.347691,7.556197,7.85218,7.693972,7.708672,7.138186
Israel,Female,15.90450954,16.61676979,16.41711044,16.36264992,16.3393898,16.17786026,16.38879967,16.19498062,16.32476044,16.55104065,16.61714935,16.61894035,16.65642929,16.67407036,16.71203041,16.69721985,16.76586914,16.73111916
Italy,Female,15.62792969,15.78771973,16.09992981,16.35596085,16.53384972,16.73896027,16.82862091,16.90970993,16.96335983,16.95820999,17.22347069,16.98283005,16.6263504,16.5403595,16.45290947,16.43748093,16.41448021,16.47941971
Jamaica,Female,11.2014904,12.33115959,6.808572,7.001296,7.073396,7.128346,6.915052,7.1397,7.40053,7.451479,7.6110217,7.518429,7.347691,7.556197,13.34766006,7.693972,7.708672,7.138186
Japan,Female,6.335726,6.746629,6.808572,7.001296,7.073396,7.128346,6.915052,7.1397,7.40053,7.451479,7.6110217,7.518429,7.347691,7.556197,7.85218,7.693972,7.708672,7.138186
Jordan,Female,6.335726,12.4780302,12.82608986,13.00831032,12.88895988,12.91835022,12.80657959,12.7514801,7.40053,11.74907017,11.40793991,11.27707958,7.347691,7.556197,7.85218,7.693972,10.26461029,10.57273006
Kazakhstan,Female,6.335726,6.746629,6.808572,7.001296,7.073396,15.21463966,6.915052,7.1397,7.40053,14.84595966,15.11361027,15.43463993,15.42251968,15.47875023,15.52320957,15.48101997,15.65664959,15.77939987
Kenya,Female,8.100199699,7.811699867,6.808572,8.855019569,8.958180428,7.128346,9.397040367,7.1397,9.92936039,7.451479,7.6110217,7.518429,7.347691,7.556197,7.85218,7.693972,7.708672,7.138186
Kiribati,Female,12.29918957,12.04594994,12.84440041,12.74619961,12.53633976,12.21014977,12.15054035,12.24913979,7.40053,7.451479,7.6110217,7.518429,7.347691,7.556197,7.85218,7.693972,7.708672,7.138186
"Korea, Dem. People's Rep.",Female,6.335726,6.746629,6.808572,7.001296,7.073396,7.128346,6.915052,7.1397,7.40053,7.451479,7.6110217,7.518429,7.347691,7.556197,7.85218,7.693972,7.708672,7.138186
"Korea, Rep.",Female,14.72688961,14.78971958,14.97614956,15.19056988,15.41187954,15.5622797,15.79028988,15.8881197,15.92940998,16.01057053,16.03019905,15.9362402,15.89122009,15.93206978,15.93994045,15.89490032,15.91374969,15.97784042
Kosovo,Female,6.335726,6.746629,6.808572,7.001296,7.073396,7.128346,6.915052,7.1397,7.40053,7.451479,7.6110217,7.518429,7.347691,7.556197,7.85218,7.693972,7.708672,7.138186
Kuwait,Female,13.57040977,6.746629,14.39402962,14.47066975,7.073396,7.128346,6.915052,7.1397,7.40053,7.451479,7.6110217,7.518429,7.347691,15.37154961,16.07461929,7.693972,7.708672,7.138186
Kyrgyz Republic,Female,12.29337978,12.50166988,12.82878971,12.76624012,12.87053967,13.03322029,13.05418015,7.1397,12.96415043,12.67010975,12.55823994,12.90410995,13.23383999,13.3168602,13.30727959,13.2716198,13.16539955,13.2104702
Lao PDR,Female,7.049210072,7.309490204,7.615159988,7.825669765,8.056889534,8.174360275,8.39291954,8.664739609,8.989629745,9.235859871,9.651709557,9.915060043,10.28487015,10.65573025,10.82777023,10.7972002,10.67782974,10.38286972
Late-demographic dividend,Female,10.9508,11.19854,11.37453,11.61525,11.88743,12.03458,12.28341,12.55646,12.75409,12.9163,13.06533,13.18677,13.56537,13.77248,13.88342,14.00223,14.11555,14.34495
Latin America & Caribbean,Female,13.13666,13.2775,13.23743,13.27275,13.38653,13.5013,13.63911,13.91279,14.04221,14.16657,14.25211,14.28763,14.78361,14.87736,14.93126,15.09975,15.12681,15.25063
Latvia,Female,15.29358959,15.74405003,15.93770027,16.51789093,16.89558029,16.94257927,16.94424057,16.99152946,16.58843994,16.35014915,16.21262932,16.00455093,16.39805031,16.34543037,16.53495979,16.6953907,16.84802055,16.95646095
Least developed countries: UN classification,Female,6.07367,6.41722,6.66934,6.82312,7.11621,7.40883,7.62067,7.92443,8.12156,8.31415,8.5237,8.65042,8.80837,8.88799,8.96195,9.00539,9.04781,9.15178
Lebanon,Female,6.335726,6.746629,6.808572,7.001296,7.073396,7.128346,6.915052,7.1397,7.40053,7.451479,7.6110217,7.518429,7.347691,7.556197,7.85218,7.693972,7.708672,7.138186
Lesotho,Female,9.790360451,10.05560017,10.60344028,7.001296,11.14338017,11.4629097,6.915052,7.1397,7.40053,7.451479,7.6110217,12.82129002,12.39562035,12.33318043,12.20277023,7.693972,12.53835011,7.138186
Liberia,Female,6.335726,6.746629,6.808572,7.001296,7.073396,7.128346,6.915052,7.1397,7.40053,7.451479,7.6110217,7.518429,7.347691,7.556197,7.85218,7.693972,7.708672,7.138186
Libya,Female,6.335726,15.94661999,15.71251965,7.001296,7.073396,7.128346,6.915052,7.1397,7.40053,7.451479,7.6110217,7.518429,7.347691,7.556197,7.85218,7.693972,7.708672,7.138186
Liechtenstein,Female,6.335726,6.746629,13.17753029,13.39875031,12.92646027,13.3913002,13.40921021,13.53647041,13.45590973,13.39752007,13.71267986,13.83992004,7.347691,13.46490002,13.3551302,13.41154003,13.75457001,13.57310009
Lithuania,Female,15.5051403,15.98719025,16.50449944,16.71352005,17.11347008,17.4409008,17.47043037,17.5203495,17.61376953,17.5130806,17.53743935,17.29707909,17.16305923,16.98225021,16.93668938,16.92201042,17.0777092,17.02736092
Luxembourg,Female,13.66779041,6.746629,13.6566,7.001296,7.073396,13.58712959,6.915052,13.56818962,7.40053,14.03291035,7.6110217,14.00664043,7.347691,7.556197,14.18505955,14.32528019,14.31781006,14.33261967
"Macao SAR, China",Female,13.27945042,13.36723042,13.29566956,13.16994953,12.85636997,12.82417011,12.98983955,12.86347961,13.06120968,13.25767994,13.47222042,13.41493034,13.86083984,14.38776016,14.93914986,15.75562,16.16363907,16.58214951
Madagascar,Female,6.335726,6.746629,6.808572,7.001296,8.835639954,8.921070099,9.185620308,9.492759705,9.963069916,7.451479,9.96296978,10.14301014,7.347691,10.34142971,10.49481964,10.35402012,7.708672,10.19260979
Malawi,Female,6.335726,10.07608032,6.808572,9.735569954,9.607310295,9.757180214,9.594059944,7.1397,7.40053,10.65058994,10.83279991,7.518429,7.347691,7.556197,7.85218,7.693972,7.708672,7.138186
Malaysia,Female,12.37353039,12.56886959,13.29354,13.46257019,13.11065006,12.60676956,12.74382019,12.9158802,13.03549957,13.23822021,13.17743015,13.44437981,13.73585033,13.99370003,14.2156496,14.28730011,14.03851032,7.138186
Maldives,Female,12.04778957,11.86528015,12.30945015,7.001296,7.073396,7.128346,6.915052,7.1397,7.40053,7.451479,7.6110217,7.518429,7.347691,7.556197,7.85218,7.693972,7.708672,7.138186
Mali,Female,6.335726,6.746629,6.808572,7.001296,7.073396,7.128346,6.915052,6.118659973,6.378290176,6.613759995,6.856080055,7.518429,7.347691,6.703159809,6.672289848,6.630209923,6.797229767,7.138186
Malta,Female,14.05928993,14.09817982,14.50061989,14.78277016,14.83086014,14.66224957,14.90627956,14.8052597,7.40053,15.33082008,15.28106976,15.47840023,15.60571003,15.81062984,16.26630974,16.32818985,16.54656982,17.0510006
Marshall Islands,Female,6.335726,12.16956997,6.808572,7.001296,7.073396,7.128346,6.915052,7.1397,7.40053,7.451479,7.6110217,7.518429,7.347691,7.556197,7.85218,7.693972,7.708672,7.138186
Mauritania,Female,6.166409969,6.355120182,6.564010143,7.129350185,7.251220226,7.410009861,6.915052,7.256629944,7.712910175,7.81359005,7.887129784,8.228650093,8.636389732,7.556197,8.988269806,8.658390045,8.688309669,9.210379601
Mauritius,Female,12.53899956,12.54360008,12.76708984,12.92714024,13.36207962,13.62666035,13.82176971,13.97550011,14.26970959,14.40781975,14.70600033,15.25306034,15.15340042,15.64953995,15.53271008,15.59181976,15.71514988,7.138186
Mexico,Female,11.97439003,12.34154034,12.68570042,12.75500965,12.8092804,12.94066048,13.08310032,13.28897953,13.37899017,13.50870037,13.56285954,13.80385017,13.95403004,14.14435959,14.34624958,14.83975983,15.04026985,15.15888977
"Micronesia, Fed. Sts.",Female,6.335726,6.746629,6.808572,7.001296,7.073396,7.128346,6.915052,7.1397,7.40053,7.451479,7.6110217,7.518429,7.347691,7.556197,7.85218,7.693972,7.708672,7.138186
Middle East & North Africa,Female,10.16037,10.38272,10.58911,10.774,11.09266,11.20288,11.33397,11.51093,11.55735,11.75051,11.98415,12.49148,12.4233,12.57558,12.75456,12.84549,12.90613,13.01864
Middle income,Female,9.18413,9.38975,9.76598,9.97034,10.19622,10.35595,10.59518,10.82906,10.96365,11.20026,11.43802,11.69805,12.00573,12.15754,12.27444,12.47685,12.48284,12.37337
Moldova,Female,11.55848026,11.79648018,12.01613998,12.27122021,12.35671997,12.53505039,12.45160961,12.39159966,12.16983032,12.07170963,12.10105038,12.06639004,12.08477974,12.0573101,11.92311954,11.83862972,11.84469986,11.77517033
Monaco,Female,6.335726,6.746629,6.808572,7.001296,7.073396,7.128346,6.915052,7.1397,7.40053,7.451479,7.6110217,7.518429,7.347691,7.556197,7.85218,7.693972,7.708672,7.138186
Mongolia,Female,11.06717014,11.44462967,12.0910902,12.63014984,13.52760029,13.80459976,6.915052,7.1397,15.02698994,15.29292965,7.6110217,7.518429,7.347691,7.556197,7.85218,7.693972,7.708672,7.138186
Montenegro,Female,6.335726,6.746629,12.8583498,13.14391041,13.60939026,14.07614994,14.53094006,15.45168972,15.33553982,15.49217987,7.6110217,7.518429,7.347691,7.556197,7.85218,15.2804203,15.47068977,15.37341976
Morocco,Female,8.167349815,8.649009705,9.009429932,9.280320168,9.448800087,9.520990372,9.814279556,10.00693989,10.1856699,10.57551956,10.92418957,11.24905968,7.347691,7.556197,7.85218,7.693972,12.99195957,13.28991985
Mozambique,Female,5.489359856,5.923220158,6.808572,6.742159843,7.319630146,7.687419891,8.249099731,8.695719719,8.905280113,9.102959633,8.889080048,8.782950401,9.327710152,9.30134964,9.324319839,7.693972,9.48581028,7.138186
Myanmar,Female,6.335726,6.746629,6.808572,7.001296,7.073396,7.128346,6.915052,7.1397,7.40053,7.451479,7.6110217,7.518429,7.347691,7.556197,7.85218,7.693972,7.708672,10.86946011
Namibia,Female,11.89216995,11.84451962,11.87510967,7.001296,11.65670967,11.56954956,6.915052,7.1397,7.40053,7.451479,7.6110217,7.518429,7.347691,7.556197,7.85218,7.693972,7.708672,7.138186
Nauru,Female,9.475549698,9.025690079,8.637940407,8.861749649,10.63813019,9.922439575,9.027009964,9.675279617,7.40053,7.451479,7.6110217,7.518429,7.347691,7.556197,7.85218,7.693972,7.708672,7.138186
Nepal,Female,6.335726,7.955039978,8.158809662,7.001296,8.752479553,9.415789604,6.915052,10.16748047,10.90919018,11.96232986,12.50370026,7.518429,12.89624023,7.556197,12.94382,12.8663702,12.95195007,7.138186
Netherlands,Female,16.53829956,16.18523026,16.32148933,16.21665001,16.34502029,16.46850014,16.6135006,16.75032043,16.83643913,17.06303024,17.97303009,17.91120911,7.347691,7.556197,18.37607956,18.32010078,18.79390907,18.84799957
New Caledonia,Female,6.335726,6.746629,6.808572,7.001296,7.073396,7.128346,6.915052,7.1397,7.40053,7.451479,7.6110217,7.518429,7.347691,7.556197,7.85218,7.693972,7.708672,7.138186
New Zealand,Female,6.335726,6.746629,6.808572,7.001296,7.073396,7.128346,6.915052,7.1397,7.40053,7.451479,7.6110217,7.518429,19.77128029,19.64606094,19.68199921,18.99559021,19.74465942,19.8828392
Nicaragua,Female,6.335726,11.17234993,6.808572,7.001296,7.073396,7.128346,6.915052,7.1397,7.40053,7.451479,7.6110217,7.518429,7.347691,7.556197,7.85218,7.693972,7.708672,7.138186
Niger,Female,6.335726,6.746629,2.453079939,2.732000113,2.950619936,3.083250046,3.215399981,3.486740112,3.717370033,4.091159821,4.348780155,4.596630096,7.347691,7.556197,5.251440048,5.550600052,5.73112011,7.138186
Nigeria,Female,6.971280098,6.746629,6.808572,8.035289764,8.162260056,7.128346,6.915052,7.1397,7.40053,7.899759769,8.175840378,7.518429,7.347691,7.556197,7.85218,7.693972,7.708672,7.138186
North America,Female,15.89939,15.97958,16.15676,16.29465,16.41773,16.43737,16.44725,16.55076,16.72402,16.66099,16.76387,16.74751,16.78983,16.80584,16.84093,16.85345,16.89784,16.89242
North Macedonia,Female,11.63906956,11.71115017,11.72929955,11.74787045,11.8920002,7.128346,12.01694965,12.85698986,12.8360796,12.85984039,7.6110217,13.00352955,13.04454041,13.05982971,13.51076984,7.693972,13.78973961,13.72189999
Northern Mariana Islands,Female,6.335726,6.746629,6.808572,7.001296,7.073396,7.128346,6.915052,7.1397,7.40053,7.451479,7.6110217,7.518429,7.347691,7.556197,7.85218,7.693972,7.708672,7.138186
Norway,Female,17.73764038,17.80577087,18.21887016,18.38151932,18.19898987,18.30429077,18.25411034,18.07361984,18.07790947,18.25473022,18.25168991,18.17864037,18.39398003,18.31723976,18.45672989,18.68148041,18.75945091,18.8190403
Oman,Female,6.335726,6.746629,11.11402035,7.001296,11.63840008,11.78680992,12.14688015,7.1397,13.26696014,7.451479,13.66555977,7.518429,14.68008995,7.556197,15.27474022,15.46455002,15.10169029,14.97261047
Other small states,Female,10.11592,10.18801,10.3472,10.47629,10.59256,10.78277,10.97664,11.12877,11.35717,11.47711,11.57322,11.71867,11.766,11.88423,12.01965,7.693972,7.708672,7.138186
Pacific island small states,Female,11.44307,11.43403,12.05938,12.14149,11.8636,12.0026,11.87719,7.1397,7.40053,7.451479,7.6110217,7.518429,7.347691,7.556197,7.85218,7.693972,7.708672,7.138186
Pakistan,Female,6.335726,6.746629,6.808572,7.001296,7.073396,5.520400047,5.983689785,6.024159908,6.182050228,7.451479,6.133739948,6.23939991,6.283090115,6.654799938,6.874959946,7.272830009,7.242640018,7.579430103
Palau,Female,6.335726,6.746629,6.808572,7.001296,7.073396,7.128346,6.915052,7.1397,7.40053,7.451479,7.6110217,7.518429,17.17789078,7.556197,7.85218,7.693972,7.708672,7.138186
Panama,Female,13.14731026,13.30881977,6.808572,13.51747036,13.52140999,13.5302496,13.47881985,13.27455044,13.24719048,13.29765034,13.17467976,7.518429,7.347691,13.31130981,13.28763008,13.46866035,7.708672,7.138186
Papua New Guinea,Female,6.335726,6.746629,6.808572,7.001296,7.073396,7.128346,6.915052,7.1397,7.40053,7.451479,7.6110217,7.518429,7.347691,7.556197,7.85218,7.693972,7.708672,7.138186
Paraguay,Female,12.19919014,12.72659969,12.14614964,12.32174015,12.05772018,7.128346,11.99956989,12.26379967,12.66672993,12.52711964,7.6110217,7.518429,7.347691,7.556197,7.85218,7.693972,7.708672,7.138186
Peru,Female,13.44841957,12.81820965,12.32577038,12.60991955,12.61956024,12.91574001,6.915052,7.1397,7.40053,7.451479,7.6110217,7.518429,7.347691,7.556197,7.85218,14.87732029,14.89291954,7.138186
Philippines,Female,11.56968021,11.87425995,11.87847996,12.01245975,11.82355976,11.67284966,6.915052,11.96111965,11.59331036,7.451479,7.6110217,7.518429,7.347691,12.92687035,7.85218,7.693972,13.49940968,7.138186
Poland,Female,15.49427032,15.83261967,15.95726013,15.41557026,15.5497303,15.53114033,15.55622959,15.61806965,15.70578957,16.1001606,16.06341934,16.19065094,17.22479057,16.81509972,7.85218,7.693972,16.87619972,16.79640961
Portugal,Female,16.38705063,16.22654915,16.34934998,15.89328957,15.87569046,15.82888985,16.05182076,16.18928909,16.2636795,16.33403969,16.41974068,16.4376297,16.74901009,16.47220039,16.33522987,16.26861,16.4751091,16.75861931
Puerto Rico,Female,6.335726,6.746629,6.808572,7.001296,7.073396,7.128346,6.915052,7.1397,17.56728935,18.02477074,17.65345955,16.27556038,16.3540802,16.4424305,18.07942009,17.07275963,7.708672,17.99130058
Qatar,Female,13.55933952,13.42201996,13.63335991,13.40369034,13.52680969,13.19023037,6.915052,7.1397,7.40053,13.62483025,13.78985023,13.41209984,13.20067024,13.6005497,14.09552956,14.0646801,14.00181961,14.09974957
Romania,Female,12.16856956,12.69538975,13.15388966,13.70971966,14.02328014,14.46835041,15.0923996,15.85410023,16.23591995,16.09684944,15.66310024,14.96415043,7.347691,7.556197,15.05922031,14.73095989,14.6967802,14.73904037
Russian Federation,Female,6.335726,6.746629,14.42798042,7.001296,14.33269978,14.34547997,14.4369297,14.51587963,14.26294994,7.451479,15.16380978,14.98443031,15.15054035,15.07853031,15.44806957,15.50671005,15.25936031,15.92144966
Rwanda,Female,7.308700085,7.601930141,8.102600098,8.823180199,7.073396,7.128346,6.915052,7.1397,10.98923016,11.27499962,11.56363964,11.79568005,11.64134026,11.61546993,11.17971039,11.50498962,11.52392006,11.17683983
Samoa,Female,6.335726,6.746629,6.808572,7.001296,7.073396,7.128346,6.915052,7.1397,7.40053,7.451479,7.6110217,7.518429,7.347691,7.556197,7.85218,7.693972,7.708672,7.138186
San Marino,Female,6.335726,6.746629,6.808572,7.001296,7.073396,7.128346,6.915052,16.41720963,7.40053,16.89279938,16.38574982,15.93990993,7.347691,7.556197,7.85218,7.693972,7.708672,12.82909012
Sao Tome and Principe,Female,6.335726,6.746629,9.31112957,9.511489868,9.771459579,7.128346,10.11870003,9.814490318,10.48808956,10.19198036,7.6110217,10.66555023,7.347691,11.43231964,12.52567959,7.693972,7.708672,7.138186
Saudi Arabia,Female,6.335726,6.746629,6.808572,7.001296,12.80325031,7.128346,6.915052,7.1397,13.37948036,7.451479,7.6110217,7.518429,7.347691,7.556197,7.85218,16.01490974,15.48009968,15.76368046
Senegal,Female,6.335726,6.746629,6.808572,7.001296,7.073396,6.494589806,6.915052,7.357460022,7.40053,7.924129963,8.780229568,9.033789635,9.138039589,9.434029579,7.85218,7.693972,7.708672,7.138186
Serbia,Female,13.41335964,13.24866962,13.48443031,13.56371021,13.82824993,13.9718399,13.91524029,14.00961018,14.00535965,13.88523006,14.46735954,14.60031986,14.76780033,14.81766987,15.00551987,15.09282017,15.27250004,15.2788496
Seychelles,Female,11.98007965,12.36394978,12.53660965,12.51014996,13.36285973,11.85921955,13.81410027,14.03417969,13.9843502,13.92679024,12.21467972,13.5072403,13.56443977,15.05624962,14.96399021,14.89579964,14.94489002,15.33333969
Sierra Leone,Female,5.401639938,6.746629,6.808572,7.001296,7.073396,7.128346,6.915052,7.1397,7.40053,7.451479,7.6110217,7.518429,7.347691,7.556197,7.85218,7.693972,7.708672,7.138186
Singapore,Female,6.335726,6.746629,6.808572,7.001296,7.073396,7.128346,6.915052,7.1397,7.40053,7.451479,7.6110217,7.518429,7.347691,7.556197,7.85218,16.55118942,16.65766907,16.72925949
Sint Maarten (Dutch part),Female,6.335726,6.746629,6.808572,7.001296,7.073396,7.128346,6.915052,7.1397,7.40053,7.451479,7.6110217,12.89025021,7.347691,12.39712048,7.85218,7.693972,7.708672,7.138186
Slovak Republic,Female,13.35358047,13.68002033,13.89525032,14.16353035,14.49293041,14.85805035,15.27482033,15.53304958,15.63996983,15.63904953,15.56377029,15.55012989,15.53318977,15.37242031,15.22587967,15.02624035,14.99228001,14.97922039
Slovenia,Female,16.18847084,16.76849937,17.13390923,16.90099907,17.40102005,17.64992905,17.71898079,17.79297066,17.87225914,18.02990913,18.10334969,17.8463192,18.51729012,18.10588074,18.09090996,18.28263092,18.3396492,18.35877991
Small states,Female,10.5709,10.70427,10.8779,11.01937,11.13572,11.30769,11.46673,11.69311,11.83391,11.93598,12.01509,12.09842,12.12629,12.1996,12.30357,7.693972,7.708672,7.138186
Solomon Islands,Female,6.335726,7.51116991,6.808572,7.001296,7.984930038,8.595350266,8.787670135,7.1397,7.40053,7.451479,7.6110217,7.518429,7.347691,7.556197,7.85218,7.693972,7.708672,7.138186
Somalia,Female,6.335726,6.746629,6.808572,7.001296,7.073396,7.128346,6.915052,7.1397,7.40053,7.451479,7.6110217,7.518429,7.347691,7.556197,7.85218,7.693972,7.708672,7.138186
South Africa,Female,6.335726,6.746629,6.808572,7.001296,7.073396,7.128346,6.915052,7.1397,7.40053,7.451479,7.6110217,13.70623016,7.347691,14.36310959,7.85218,14.40252018,14.17628002,13.86756039
South Asia,Female,7.038,7.30537,8.06133,8.23751,8.54376,8.78484,9.12204,9.46444,9.56299,9.87101,10.27705,10.6489,10.976,11.28496,11.38869,11.85409,11.66376,11.0434
South Asia (IDA & IBRD),Female,7.038,7.30537,8.06133,8.23751,8.54376,8.78484,9.12204,9.46444,9.56299,9.87101,10.27705,10.6489,10.976,11.28496,11.38869,11.85409,11.66376,11.0434
South Sudan,Female,6.335726,6.746629,6.808572,7.001296,7.073396,7.128346,6.915052,7.1397,7.40053,7.451479,7.6110217,7.518429,7.347691,7.556197,7.85218,7.693972,7.708672,7.138186
Spain,Female,16.06402969,16.05355072,16.0590992,16.25485992,16.34967041,16.42713928,16.42370033,16.4491291,16.47319031,16.74653053,17.00354004,17.3064003,17.5152607,17.61684036,17.78012085,17.88929939,18.01730919,18.20959091
Sri Lanka,Female,6.335726,6.746629,6.808572,7.001296,7.073396,7.128346,6.915052,7.1397,7.40053,13.83372021,13.90808964,14.06330967,14.30373955,7.556197,7.85218,14.10604,14.26626015,14.46010971
St. Kitts and Nevis,Female,6.335726,6.746629,6.808572,7.001296,7.073396,7.128346,6.915052,14.8984499,7.40053,7.451479,7.6110217,7.518429,7.347691,17.2103405,18.85272026,7.693972,7.708672,7.138186
St. Lucia,Female,6.335726,6.746629,6.808572,12.46485043,13.06007004,13.31746006,13.03265953,7.1397,7.40053,7.451479,7.6110217,7.518429,7.347691,7.556197,13.81439972,15.01648998,14.75926018,14.69305038
St. Martin (French part),Female,6.335726,6.746629,6.808572,7.001296,7.073396,7.128346,6.915052,7.1397,7.40053,7.451479,7.6110217,7.518429,7.347691,7.556197,7.85218,7.693972,7.708672,7.138186
St. Vincent and the Grenadines,Female,13.12617016,13.11435986,13.50669956,13.40810966,7.073396,7.128346,6.915052,7.1397,7.40053,7.451479,7.6110217,7.518429,7.347691,14.72453022,14.58530998,7.693972,7.708672,7.138186
Sub-Saharan Africa,Female,6.38235,6.58927,6.85244,7.14621,7.41083,7.64922,7.76006,8.01972,8.20707,8.36109,8.51498,8.70371,8.96715,8.88241,8.88129,8.82394,8.85256,7.138186
Sudan,Female,5.281119823,5.492640018,5.575560093,5.892010212,6.062660217,6.325059891,6.15237999,6.66369009,6.878759861,6.898220062,6.60488987,6.879980087,7.182290077,7.214210033,7.348589897,7.693972,7.708672,7.138186
Suriname,Female,6.335726,12.2885704,6.808572,7.001296,7.073396,7.128346,6.915052,7.1397,7.40053,7.451479,7.6110217,7.518429,7.347691,7.556197,7.85218,7.693972,7.708672,7.138186
Sweden,Female,20.5783596,20.18292046,20.07696915,16.83556938,16.66049004,16.59392929,16.48677063,16.5130806,16.53113937,16.70428085,16.54550934,16.58432961,19.4733696,19.53510094,19.84700012,19.96968079,20.41198921,20.70562935
Switzerland,Female,14.88943005,14.71788025,14.86602974,14.96728039,14.99647999,15.08104038,15.13918018,15.21172047,15.3185997,15.51432991,15.64365959,15.73653984,15.94042969,7.556197,16.14587975,16.16887093,16.23563004,16.31163979
Syrian Arab Republic,Female,6.335726,9.849650383,10.29531956,10.66254044,11.11958981,11.22488976,11.33648014,11.44172001,11.39900017,11.55268955,12.00131989,12.78623009,9.074879646,7.556197,7.85218,7.693972,7.708672,7.138186
Tajikistan,Female,8.815480232,9.089670181,9.515410423,9.589799881,9.74034977,9.858249664,9.957630157,10.32028961,10.40773964,10.38469982,10.38965034,10.5760603,10.70042038,7.556197,7.85218,7.693972,7.708672,7.138186
Tanzania,Female,6.335726,6.746629,6.808572,7.001296,7.073396,7.128346,6.915052,7.1397,7.40053,9.155220032,7.6110217,7.518429,7.347691,7.556197,8.523889542,7.693972,8.160699844,7.138186
Thailand,Female,11.56486034,11.8322897,6.808572,12.51150036,12.84243965,12.96459961,13.66469955,13.57849026,13.66643047,13.72848034,13.98661041,13.78969955,13.73351002,16.23380089,7.85218,15.80541992,7.708672,7.138186
Timor-Leste,Female,6.335726,6.746629,6.808572,7.001296,7.073396,7.128346,6.915052,7.1397,11.95909977,12.0026598,7.6110217,7.518429,7.347691,7.556197,7.85218,7.693972,7.708672,7.138186
Togo,Female,7.974060059,6.746629,8.394140244,8.548020363,8.678560257,9.066479683,8.557869911,7.1397,7.40053,7.451479,7.6110217,7.518429,7.347691,7.556197,7.85218,7.693972,11.50806046,7.138186
Tonga,Female,6.335726,13.90880013,6.808572,7.001296,7.073396,7.128346,6.915052,7.1397,7.40053,7.451479,7.6110217,7.518429,7.347691,7.556197,7.85218,7.693972,7.708672,7.138186
Trinidad and Tobago,Female,6.335726,6.746629,6.808572,12.46636963,7.073396,7.128346,6.915052,7.1397,7.40053,7.451479,7.6110217,7.518429,7.347691,7.556197,7.85218,7.693972,7.708672,7.138186
Tunisia,Female,13.36835957,13.55873013,13.83965969,7.001296,14.58963013,14.77795029,6.915052,15.02176952,15.04666042,15.18050957,15.3135004,7.518429,7.347691,7.556197,7.85218,16.02018929,7.708672,7.138186
Turkey,Female,10.33623028,10.69762993,10.83802986,10.88589001,11.03320026,11.44876003,11.73075008,11.79660988,12.36174011,13.20368958,13.73976994,13.90633965,15.93498993,16.44416046,16.7845192,17.12557983,17.29422951,17.61347961
Turkmenistan,Female,6.335726,6.746629,6.808572,7.001296,7.073396,7.128346,6.915052,7.1397,7.40053,7.451479,7.6110217,7.518429,7.347691,7.556197,7.85218,7.693972,7.708672,7.138186
Turks and Caicos Islands,Female,6.335726,6.746629,6.808572,7.001296,7.073396,7.128346,6.915052,7.1397,7.40053,7.451479,7.6110217,7.518429,7.347691,7.556197,7.85218,7.693972,7.708672,7.138186
Tuvalu,Female,10.9705801,6.746629,6.808572,7.001296,7.073396,7.128346,6.915052,7.1397,7.40053,7.451479,7.6110217,7.518429,7.347691,7.556197,7.85218,7.693972,7.708672,7.138186
Uganda,Female,6.335726,6.746629,6.808572,10.52830982,7.073396,7.128346,6.915052,7.1397,7.40053,7.451479,7.6110217,7.518429,7.347691,7.556197,7.85218,7.693972,7.708672,7.138186
Ukraine,Female,13.93657017,14.42461014,14.74983978,14.65491962,14.66582966,15.0259304,15.16831017,15.18013,15.17883968,15.11254978,15.03524971,15.08603954,15.07295036,15.08526993,7.85218,7.693972,7.708672,7.138186
United Arab Emirates,Female,6.335726,6.746629,6.808572,7.001296,7.073396,7.128346,6.915052,7.1397,7.40053,7.451479,7.6110217,7.518429,7.347691,7.556197,7.85218,13.8576498,14.4739399,7.138186
United Kingdom,Female,16.44001961,16.45631981,16.54624939,17.04762077,17.14817047,16.61420059,16.37132072,16.42824936,16.5503006,16.74864006,16.12767982,16.05179977,18.12149048,17.94940948,17.77129936,7.693972,17.98135948,17.73712921
United States,Female,15.86958027,15.96780014,16.16452026,16.31731987,16.45516014,16.45981979,16.52098083,16.6337204,16.81538963,16.75818062,16.85994911,16.80212975,16.8406105,16.85256958,16.88253021,16.88669968,16.92106056,16.90984917
Upper middle income,Female,11.0704,11.31802,11.48712,11.69227,11.87838,12.05732,12.37889,12.61159,12.84618,13.02418,13.18912,13.37296,13.70266,13.86505,14.01156,14.15564,14.2517,14.41708
Uruguay,Female,15.53975964,16.01417923,16.60173035,16.61437988,16.17112923,16.26828003,6.915052,7.1397,7.40053,7.451479,7.6110217,7.518429,7.347691,7.556197,7.85218,7.693972,7.708672,7.138186
Uzbekistan,Female,6.335726,6.746629,11.22914982,11.20483971,11.29401016,11.26760006,11.37254047,11.22603989,11.32347012,11.34323978,11.31859016,11.47523022,11.48824024,11.53647041,11.59000969,11.7231102,11.86787987,12.09675026
Vanuatu,Female,6.335726,10.17043972,10.33222008,10.23828983,7.073396,7.128346,6.915052,7.1397,7.40053,7.451479,7.6110217,7.518429,7.347691,7.556197,7.85218,7.693972,7.708672,7.138186
"Venezuela, RB",Female,6.335726,12.07065964,12.06361961,7.001296,7.073396,7.128346,6.915052,15.41096973,7.40053,7.451479,7.6110217,7.518429,7.347691,7.556197,7.85218,7.693972,7.708672,7.138186
Vietnam,Female,6.335726,6.746629,6.808572,7.001296,7.073396,7.128346,6.915052,7.1397,7.40053,7.451479,7.6110217,7.518429,7.347691,7.556197,7.85218,7.693972,7.708672,7.138186
Virgin Islands (U.S.),Female,6.335726,6.746629,6.808572,7.001296,7.073396,7.128346,6.915052,7.1397,7.40053,7.451479,7.6110217,7.518429,7.347691,7.556197,7.85218,7.693972,7.708672,7.138186
West Bank and Gaza,Female,11.77684021,11.98211002,12.38883972,12.80029964,12.87644958,13.25712013,13.78563023,13.86787033,13.82890034,13.98069954,14.04854965,14.02982998,13.90820026,14.00156975,14.06632996,14.06301022,14.22906971,14.28559017
World,Female,9.46688,9.65394,9.97279,10.1474,10.36619,10.52314,10.73568,10.95777,11.08708,11.29149,11.49952,11.71478,11.98463,12.11208,12.19504,12.34819,12.35002,12.26043
"Yemen, Rep.",Female,6.335726,6.746629,6.167129993,6.466310024,6.704929829,7.128346,6.915052,7.008609772,7.40053,7.294370174,7.651040077,7.518429,7.347691,7.556197,7.85218,7.693972,7.708672,7.138186
Zambia,Female,6.335726,6.746629,6.808572,7.001296,7.073396,7.128346,6.915052,7.1397,7.40053,7.451479,7.6110217,7.518429,7.347691,7.556197,7.85218,7.693972,7.708672,7.138186
Zimbabwe,Female,10.32911968,9.880599976,9.609410286,7.001296,7.073396,7.128346,6.915052,7.1397,7.40053,7.451479,7.6110217,11.20493984,11.13844013,7.556197,7.85218,7.693972,7.708672,7.138186
Afghanistan,Male,6.460175,6.868472,8.302980423,10.46887016,7.16334,7.140403,6.910201,7.122642,10.92381954,7.395134,11.22854996,7.416963,7.188544,12.41114998,7.670449,7.50991,7.522353,12.55982971
Albania,Male,10.57209969,6.868472,6.944727,10.74610996,11.29841042,11.44880962,11.73359013,11.90664005,11.92743015,12.64352989,13.41751003,14.18840981,14.48114967,14.78335953,14.60935974,14.2593298,14.17994022,13.95683002
Algeria,Male,6.460175,6.868472,6.944727,12.04368019,12.13372993,12.22749043,12.38838005,7.122642,13.43107033,13.78423023,14.09383965,7.416963,7.188544,7.439048,7.670449,7.50991,7.522353,6.931946
American Samoa,Male,6.460175,6.868472,6.944727,7.172452,7.16334,7.140403,6.910201,7.122642,7.374087,7.395134,7.609016,7.416963,7.188544,7.439048,7.670449,7.50991,7.522353,6.931946
Andorra,Male,6.460175,6.868472,6.944727,7.172452,7.16334,7.140403,6.910201,7.122642,7.374087,7.395134,7.609016,7.416963,7.188544,7.439048,7.670449,7.50991,7.522353,6.931946
Angola,Male,6.460175,6.868472,6.944727,7.172452,7.16334,7.140403,6.910201,7.122642,7.374087,9.780150414,11.86942005,7.416963,7.188544,7.439048,7.670449,7.50991,7.522353,6.931946
Antigua and Barbuda,Male,6.460175,6.868472,6.944727,7.172452,7.16334,7.140403,14.63903046,7.122642,14.68502998,14.67098045,14.54601955,14.01368999,7.188544,7.439048,7.670449,7.50991,7.522353,6.931946
Arab World,Male,10.19984,10.30809,10.38155,10.56625,10.81452,10.82611,10.88287,10.92236,11.01001,11.12554,11.23887,11.5124,11.48895,11.57728,11.67828,11.71027,11.82046,11.90156
Argentina,Male,15.5078001,15.5801096,15.40810013,15.52023983,15.20071983,15.24674988,15.23612976,15.35791016,15.6926403,16.02111053,16.09178925,16.0489006,16.00248909,16.12708092,16.23975945,16.46863937,16.43111038,6.931946
Armenia,Male,6.460175,6.868472,6.944727,7.172452,7.16334,7.140403,12.26202011,12.1173296,12.69486046,12.81760979,12.85233021,7.416963,12.81412029,12.75356007,12.58434963,7.50991,7.522353,12.58460045
Aruba,Male,12.82909012,13.02453995,12.95804977,13.0406599,13.12866974,13.34265041,13.69349003,13.10134983,13.23453999,13.11017036,12.82794952,13.20473003,7.188544,7.439048,7.670449,7.50991,7.522353,6.931946
Australia,Male,6.460175,6.868472,6.944727,7.172452,7.16334,7.140403,6.910201,7.122642,7.374087,7.395134,7.609016,7.416963,7.188544,7.439048,22.69981956,22.35202026,21.48273087,19.94162941
Austria,Male,6.460175,6.868472,6.944727,7.172452,7.16334,7.140403,6.910201,7.122642,7.374087,7.395134,7.609016,7.416963,15.54953957,15.56914043,15.65744019,15.79376984,15.81278992,15.76266956
Azerbaijan,Male,6.460175,6.868472,6.944727,7.172452,7.16334,7.140403,6.910201,7.122642,7.374087,7.395134,7.609016,7.416963,7.188544,7.439048,7.670449,7.50991,7.522353,13.20405006
"Bahamas, The",Male,6.460175,6.868472,6.944727,7.172452,7.16334,7.140403,6.910201,7.122642,7.374087,7.395134,7.609016,7.416963,7.188544,7.439048,7.670449,7.50991,7.522353,6.931946
Bahrain,Male,6.460175,6.868472,12.80871964,7.172452,12.2467804,12.38175964,6.910201,7.122642,7.374087,7.395134,13.0780201,12.60824013,12.72885036,13.00403023,15.61859989,15.94143009,16.05105972,16.09411049
Bangladesh,Male,6.460175,6.868472,6.944727,7.172452,8.596599579,8.711629868,8.732919693,8.453129768,9.147850037,7.395134,7.609016,7.416963,7.188544,7.439048,7.670449,7.50991,11.23635006,11.6948204
Barbados,Male,13.20384979,6.868472,6.944727,7.172452,7.16334,7.140403,14.12302017,7.122642,14.35824966,14.11966991,13.88638973,7.416963,7.188544,7.439048,7.670449,7.50991,7.522353,6.931946
Belarus,Male,6.460175,6.868472,6.944727,7.172452,7.16334,7.140403,6.910201,14.93465996,15.00951004,15.03246021,15.1670599,15.30185032,15.20613003,15.1427002,15.11186028,15.17901993,15.25827026,15.15880966
Belgium,Male,17.7469101,17.7446003,18.00020981,17.71479034,17.92184067,18.10827065,18.08198929,18.04924011,18.06010056,18.14378929,18.19688034,18.28528023,18.42922974,18.72212029,18.77927017,18.79297066,18.8384304,18.59667015
Belize,Male,11.75020981,6.868472,12.32586002,12.75084019,12.22809029,12.55692005,12.42117023,12.40252972,12.15694046,12.15326977,12.19976044,12.61557007,12.52003002,12.48153973,12.61707973,13.23818016,12.84743023,12.88379002
Benin,Male,9.11425972,9.640190125,10.09208012,10.45291042,7.16334,7.140403,6.910201,7.122642,7.374087,7.395134,13.00545025,7.416963,14.11832047,14.04267025,14.17255974,13.76360035,7.522353,6.931946
Bermuda,Male,6.460175,6.868472,6.944727,7.172452,7.16334,11.57081985,6.910201,7.122642,7.374087,7.395134,11.98631954,11.97066975,11.80778027,11.97305012,11.97480965,7.50991,7.522353,6.931946
Bhutan,Male,6.460175,6.868472,6.944727,7.172452,9.617699623,10.03429031,10.38490963,10.7109499,11.15460014,11.59508038,12.03672981,12.41110039,12.34020996,7.439048,7.670449,7.50991,7.522353,12.75028038
Bolivia,Male,6.460175,6.868472,6.944727,7.172452,7.16334,7.140403,6.910201,7.122642,7.374087,7.395134,7.609016,7.416963,7.188544,7.439048,7.670449,7.50991,7.522353,6.931946
Bosnia and Herzegovina,Male,6.460175,6.868472,6.944727,7.172452,7.16334,7.140403,6.910201,7.122642,7.374087,7.395134,7.609016,7.416963,7.188544,7.439048,7.670449,7.50991,7.522353,6.931946
Botswana,Male,12.62248039,12.42090988,12.48145008,12.50737953,12.51663971,12.65314007,6.910201,7.122642,7.374087,7.395134,7.609016,7.416963,7.188544,7.439048,7.670449,7.50991,7.522353,6.931946
Brazil,Male,6.460175,14.58178997,13.62915039,13.55035973,13.46580029,7.140403,12.91619968,13.4157896,13.34041977,7.395134,13.56040955,7.416963,7.188544,7.439048,7.670449,7.50991,7.522353,6.931946
British Virgin Islands,Male,13.91063976,14.25704002,6.944727,15.96926022,7.16334,7.140403,6.910201,7.122642,15.75885963,7.395134,7.609016,7.416963,7.188544,7.439048,14.71039009,14.89848042,7.522353,11.60196972
Brunei Darussalam,Male,13.08983994,13.20983982,13.44686985,13.82715988,14.03997993,14.05951023,13.91923046,13.7804203,13.92265034,13.83148003,14.11684036,14.55025959,14.46525955,14.40964985,14.19291973,14.14822006,14.01047039,13.8848896
Bulgaria,Male,12.69355011,12.71759033,13.15328026,13.40482044,13.5033102,13.53532982,13.86365032,13.82736015,13.89074993,14.15767956,14.25623989,14.29563046,14.70573044,14.86314011,14.69952965,14.43284988,14.20139027,14.00483036
Burkina Faso,Male,6.460175,6.868472,4.537199974,7.172452,5.279009819,5.55174017,6.015190125,6.436059952,6.850900173,7.236400127,7.68351984,7.922299862,8.099720001,8.175800323,8.531020164,8.768380165,9.114009857,9.44095993
Burundi,Male,6.460175,6.868472,6.944727,6.404389858,6.676320076,7.979559898,6.910201,7.122642,7.374087,10.66302013,7.609016,11.13370037,11.31357002,11.5548296,11.68058014,11.50492001,10.90643978,10.65806961
Cabo Verde,Male,11.20094967,11.57357025,11.42327976,11.28695965,11.42125034,11.98855019,11.98869038,12.38535976,12.26698017,12.4395504,12.65993023,12.66720009,13.07703018,13.01648998,12.83911991,12.74123001,12.6531601,12.41751957
Cambodia,Male,8.996049881,10.12561035,6.944727,10.75181961,7.16334,11.01261997,11.1866703,11.17730999,7.374087,7.395134,7.609016,7.416963,7.188544,7.439048,7.670449,7.50991,7.522353,6.931946
Cameroon,Male,9.274290085,9.256420135,9.142169952,9.19987011,9.248600006,8.990989685,9.777970314,10.1900301,10.68220043,7.395134,11.46586037,12.03584003,7.188544,12.67111015,12.95987988,12.86450005,7.522353,6.931946
Canada,Male,6.460175,6.868472,6.944727,7.172452,7.16334,7.140403,14.81404972,14.77655029,14.81005955,14.71891022,14.81591988,15.19738007,15.25984955,15.31165028,15.38129997,15.51389027,15.66355038,15.74368
Caribbean small states,Male,11.35973,11.47502,11.57454,11.90638,11.81857,11.94696,12.07508,12.53681,12.40116,12.19314,12.21079,12.18965,11.96206,11.96243,12.01034,12.1773,7.522353,6.931946
Cayman Islands,Male,6.460175,6.868472,6.944727,7.172452,7.16334,11.04959965,11.36585999,11.48299026,7.374087,7.395134,7.609016,7.416963,7.188544,7.439048,7.670449,7.50991,7.522353,6.931946
Central African Republic,Male,6.460175,6.868472,6.944727,7.172452,7.16334,7.140403,6.910201,7.122642,7.588819981,7.395134,7.609016,8.090490341,7.188544,7.439048,7.670449,7.50991,7.522353,6.931946
Central Europe and the Baltics,Male,13.68887,13.98988,14.2307,13.99547,14.20195,14.32306,14.47996,14.61794,14.71674,14.80023,14.71905,14.67951,15.1323,15.04752,15.00957,14.9472,14.95914,14.89607
Chad,Male,6.607729912,6.897960186,7.031909943,7.120170116,6.873690128,7.140403,6.910201,7.708380222,8.203749657,8.098589897,8.757209778,7.416963,7.188544,9.454319954,8.808520317,7.50991,7.522353,6.931946
Channel Islands,Male,6.460175,6.868472,6.944727,7.172452,7.16334,7.140403,6.910201,7.122642,7.374087,7.395134,7.609016,7.416963,7.188544,7.439048,7.670449,7.50991,7.522353,6.931946
Chile,Male,6.460175,13.56099987,13.77923965,14.18175983,14.52540016,14.4130497,14.82003021,14.94501019,14.88265991,14.99477005,15.1766901,15.23641014,15.97144032,16.09749985,16.21595955,16.23267937,16.23048973,16.3448391
China,Male,6.460175,6.868472,6.944727,7.172452,7.16334,11.4744997,11.77842999,12.00714016,12.19968033,12.44832039,7.609016,7.416963,7.188544,7.439048,7.670449,7.50991,7.522353,6.931946
Colombia,Male,6.460175,11.40872002,6.944727,11.90229034,12.43311024,12.73795033,12.97490978,13.27003002,13.61155987,13.59951973,13.75747013,13.45687008,13.98799992,13.93239975,13.99890995,14.12919044,14.14478016,14.13759995
Comoros,Male,6.460175,6.868472,10.53314972,7.172452,7.16334,7.140403,6.910201,7.122642,7.374087,7.395134,7.609016,7.416963,11.40559006,11.37370968,7.670449,7.50991,7.522353,6.931946
"Congo, Dem. Rep.",Male,6.460175,6.868472,6.944727,7.172452,7.16334,7.140403,9.338419914,10.06678009,10.18558979,7.395134,10.88790989,10.51014996,10.67823029,7.439048,7.670449,7.50991,7.522353,6.931946
"Congo, Rep.",Male,6.460175,9.857230186,9.65651989,7.172452,7.16334,7.140403,6.910201,7.122642,7.374087,7.395134,7.609016,10.88333035,7.188544,7.439048,7.670449,7.50991,7.522353,6.931946
Costa Rica,Male,6.460175,6.868472,6.944727,11.98116016,7.16334,7.140403,6.910201,7.122642,7.374087,7.395134,14.0135603,14.19089031,14.39482021,14.72272968,14.80426025,14.98744965,15.12038994,15.41734982
Cote d'Ivoire,Male,6.460175,6.868472,6.944727,7.172452,7.16334,7.140403,6.910201,7.122642,7.374087,7.395134,7.609016,7.416963,7.188544,9.579810143,9.864509583,10.43173027,10.86036015,6.931946
Croatia,Male,12.39873981,12.7365303,13.05576038,7.172452,13.61734009,13.89826012,13.91726017,13.75041008,13.71278954,13.74205971,13.92932034,14.18533993,14.56159019,14.6342802,14.56811047,14.50669956,14.53507042,14.47286034
Cuba,Male,12.48540974,12.91026974,13.23044968,13.6714201,14.0513401,15.11003017,15.54321003,16.1037693,15.94311047,15.27015018,14.70573997,14.03927994,13.36408043,7.439048,13.50249958,13.53746033,13.67862034,13.87922955
Curacao,Male,6.460175,6.868472,6.944727,7.172452,7.16334,7.140403,6.910201,7.122642,7.374087,7.395134,7.609016,7.416963,16.95545006,7.439048,7.670449,7.50991,7.522353,6.931946
Cyprus,Male,12.30904961,12.76348972,13.3106699,13.44962025,13.28789997,13.42420959,13.64834976,14.05957985,14.67028046,13.94013023,13.74909019,13.56523991,13.70388985,13.83732033,14.19696045,14.48661995,14.94421005,15.27756977
Czech Republic,Male,14.22852993,14.43929005,14.69023037,14.48637962,14.63803005,14.72467995,14.96852016,15.07250023,15.35886002,15.5241003,15.57888985,15.56637001,15.89743996,16.02666092,16.11834908,16.1124897,16.07821083,15.77532959
Denmark,Male,16.03609085,15.75685024,6.944727,16.00086975,16.26692963,16.12157059,16.17989922,16.06896973,16.12299919,16.31551933,17.78091049,18.03900909,18.4534893,18.33960915,18.42308044,18.37495995,18.25408936,18.17020988
Djibouti,Male,3.963419914,4.133059978,6.944727,4.647819996,4.969500065,5.110730171,5.468589783,5.759610176,5.870629787,7.395134,6.464320183,7.416963,7.188544,7.439048,7.670449,7.50991,7.522353,6.931946
Dominica,Male,6.460175,6.868472,6.944727,7.172452,7.16334,7.140403,6.910201,7.122642,7.374087,7.395134,7.609016,7.416963,7.188544,7.439048,7.670449,7.50991,7.522353,6.931946
Dominican Republic,Male,6.460175,6.868472,6.944727,7.172452,7.16334,7.140403,6.910201,7.122642,7.374087,7.395134,7.609016,13.15468979,7.188544,13.26852989,13.45199013,13.46446991,13.45606995,6.931946
Early-demographic dividend,Male,9.72221,9.83975,9.97829,10.12887,10.28613,10.43139,10.70283,10.83664,10.85108,11.10882,11.37479,11.61352,11.57505,11.76206,11.92062,12.09841,12.07969,12.01057
East Asia & Pacific,Male,10.61176,10.83135,11.05081,11.25187,11.39923,11.49129,11.79007,11.95434,12.13403,12.34407,12.4775,12.58811,12.73232,12.84589,12.99743,13.02352,13.18775,13.33932
Ecuador,Male,6.460175,6.868472,6.944727,7.172452,7.16334,7.140403,6.910201,7.122642,7.374087,7.395134,7.609016,14.56068993,7.188544,7.439048,14.89220047,7.50991,7.522353,6.931946
"Egypt, Arab Rep.",Male,11.73748016,6.868472,11.51601028,11.59943962,7.16334,7.140403,6.910201,7.122642,11.92728996,12.12689018,12.20242023,12.60573006,12.91090012,12.85846043,7.670449,13.15054989,13.33763027,6.931946
El Salvador,Male,11.85144997,12.13799953,12.29703999,12.41987038,12.71710014,12.62320042,12.97198009,12.48915005,12.51371002,12.65874004,12.83290005,12.90349007,12.98548985,12.69184017,12.36849976,12.11830997,11.7677002,11.69118023
Equatorial Guinea,Male,6.460175,6.868472,6.944727,7.172452,7.16334,7.140403,6.910201,7.122642,7.374087,7.395134,7.609016,7.416963,7.188544,7.439048,7.670449,7.50991,7.522353,6.931946
Eritrea,Male,7.452469826,8.089570045,6.944727,9.433690071,7.16334,7.140403,6.910201,7.122642,9.147080421,8.917280197,7.609016,7.416963,7.188544,9.598039627,8.726909637,7.50991,7.522353,6.931946
Estonia,Male,14.50714016,14.61266041,14.61855984,14.77779007,15.05673981,14.95466995,15.02336025,14.99273968,15.0946703,15.43432999,15.61723995,15.64807034,15.62135983,15.43750954,15.35192013,15.31451035,15.2256403,15.14896965
Eswatini,Male,6.460175,10.3408699,6.944727,11.14424992,11.40139961,12.23779011,6.910201,7.122642,7.374087,7.395134,13.60087013,7.416963,13.4231596,7.439048,7.670449,7.50991,7.522353,6.931946
Ethiopia,Male,5.837259769,6.242589951,6.49214983,6.789889812,7.557929993,7.140403,6.910201,8.885669708,8.738659859,8.789759636,8.863659859,8.883720398,7.188544,7.439048,7.670449,7.50991,7.522353,6.931946
Euro area,Male,15.55707,15.55786,15.63008,15.63273,15.85723,15.92224,15.89979,15.95202,15.96969,16.09178,16.24444,16.25473,16.32761,16.34688,16.40941,16.44743,16.58423,16.64768
Europe & Central Asia,Male,13.897,14.09822,14.26641,14.19515,14.31593,14.3823,14.43013,14.45865,14.5041,14.76413,14.92041,14.9475,15.44176,15.49265,15.60249,15.68877,15.77697,15.89237
European Union,Male,15.26624,15.31891,15.39451,15.37449,15.57757,15.56635,15.56125,15.64204,15.69401,15.83438,15.8437,15.83679,16.26612,16.2482,16.27271,16.30344,16.42266,16.42006
Faroe Islands,Male,6.460175,6.868472,6.944727,7.172452,7.16334,7.140403,6.910201,7.122642,7.374087,7.395134,7.609016,7.416963,7.188544,7.439048,7.670449,7.50991,7.522353,6.931946
Fiji,Male,6.460175,6.868472,13.1582098,13.69575977,7.16334,7.140403,6.910201,7.122642,7.374087,7.395134,7.609016,7.416963,7.188544,7.439048,7.670449,7.50991,7.522353,6.931946
Finland,Male,17.23653984,17.2659893,17.51936913,16.5293808,16.61857986,16.57048988,16.50168991,16.4321003,16.22613907,16.36338997,16.46709061,16.50657082,18.51505089,18.46780014,18.53347015,18.5463295,18.62982941,18.68956947
Fragile and conflict affected situations,Male,7.83539,8.26705,8.52708,8.96807,9.0058,9.16618,8.9946,9.08995,9.26669,9.43036,9.71135,9.79945,10.03105,9.84344,9.73252,9.69261,7.522353,6.931946
France,Male,14.63249016,14.38840008,14.39529991,14.36970997,14.93163967,14.91166973,14.82726002,14.79273033,14.75481987,14.85352039,14.89850998,14.9650898,15.08462048,15.08080006,15.10227966,15.20860004,15.3162899,15.46002007
French Polynesia,Male,6.460175,6.868472,6.944727,7.172452,7.16334,7.140403,6.910201,7.122642,7.374087,7.395134,7.609016,7.416963,7.188544,7.439048,7.670449,7.50991,7.522353,6.931946
Gabon,Male,6.460175,6.868472,6.944727,7.172452,7.16334,7.140403,6.910201,7.122642,7.374087,7.395134,7.609016,7.416963,7.188544,7.439048,7.670449,7.50991,7.522353,6.931946
"Gambia, The",Male,6.460175,6.868472,6.944727,7.172452,7.16334,7.140403,6.910201,7.888790131,7.942059994,7.984280109,7.609016,7.416963,7.188544,7.439048,7.670449,7.50991,7.522353,6.931946
Georgia,Male,13.01562977,13.15678978,13.36131001,13.28190994,13.34158039,12.62952042,6.910201,12.83738041,7.374087,7.395134,7.609016,7.416963,13.74954987,13.88796043,14.13871956,14.44476032,14.79740047,15.04899025
Germany,Male,6.460175,6.868472,6.944727,7.172452,7.16334,7.140403,6.910201,7.122642,7.374087,7.395134,7.609016,7.416963,16.86957932,16.84976959,16.85104942,16.92844009,17.03992081,16.95450974
Ghana,Male,7.772540092,8.065349579,7.863180161,8.29858017,8.893019676,9.193530083,9.812800407,10.45164013,10.5144701,7.395134,11.25988007,11.50319004,11.68881035,11.32684994,11.80665016,11.67733955,11.62162971,11.58547974
Gibraltar,Male,12.34259987,6.868472,6.944727,7.172452,7.16334,7.140403,6.910201,11.61023045,12.12034035,7.395134,7.609016,7.416963,7.188544,7.439048,7.670449,7.50991,7.522353,6.931946
Greece,Male,14.17304993,14.83780956,14.9556303,15.29916,16.10058022,16.34617043,15.90190983,7.122642,7.374087,16.74580002,16.84420967,17.17592049,17.37737083,17.99876022,7.670449,18.7399807,19.16624069,19.54661942
Greenland,Male,6.460175,6.868472,6.944727,7.172452,7.16334,7.140403,6.910201,7.122642,7.374087,7.395134,7.609016,7.416963,7.188544,7.439048,7.670449,7.50991,7.522353,6.931946
Grenada,Male,6.460175,6.868472,6.944727,7.172452,7.16334,7.140403,6.910201,7.122642,17.10341072,7.395134,7.609016,7.416963,7.188544,7.439048,18.72691917,18.28520012,18.12060928,18.09244919
Guam,Male,6.460175,6.868472,6.944727,7.172452,7.16334,7.140403,6.910201,7.122642,7.374087,7.395134,7.609016,7.416963,7.188544,7.439048,7.670449,7.50991,7.522353,6.931946
Guatemala,Male,6.460175,9.422590256,6.944727,7.172452,7.16334,7.140403,10.55148983,7.122642,7.374087,7.395134,7.609016,7.416963,10.82828045,10.90559006,10.89782047,7.50991,7.522353,6.931946
Guinea,Male,6.460175,6.868472,6.944727,8.065250397,8.511679649,9.042369843,6.910201,9.650449753,7.374087,7.395134,9.965209961,7.416963,7.188544,10.34745979,7.670449,7.50991,7.522353,6.931946
Guinea-Bissau,Male,6.460175,6.868472,6.944727,7.172452,7.16334,7.140403,6.910201,7.122642,7.374087,7.395134,7.609016,7.416963,7.188544,7.439048,7.670449,7.50991,7.522353,6.931946
Guyana,Male,6.460175,6.868472,6.944727,7.172452,10.96590996,7.140403,10.63383007,10.65478992,10.55173969,10.71385956,11.28722954,11.26840019,7.188544,7.439048,7.670449,7.50991,7.522353,6.931946
Haiti,Male,6.460175,6.868472,6.944727,7.172452,7.16334,7.140403,6.910201,7.122642,7.374087,7.395134,7.609016,7.416963,7.188544,7.439048,7.670449,7.50991,7.522353,6.931946
High income,Male,14.78954,14.85229,14.95119,14.96469,15.11714,15.12315,15.19014,15.27598,15.34975,15.45655,15.53032,15.57349,15.81689,15.8696,15.90501,15.94985,15.98923,15.93948
Honduras,Male,6.460175,6.868472,6.944727,7.172452,7.16334,7.140403,6.910201,9.606010437,7.374087,9.92745018,7.609016,9.590809822,9.420769691,9.309820175,9.449810028,9.526670456,9.641280174,6.931946
"Hong Kong SAR, China",Male,6.460175,6.868472,6.944727,7.172452,7.16334,7.140403,6.910201,7.122642,7.374087,7.395134,7.609016,15.59714031,16.02886963,16.21323967,16.30245018,16.29247093,16.48259926,16.75864983
Hungary,Male,14.28211021,14.5521698,14.82392979,14.57546997,14.69637966,14.76807976,14.77857018,14.83561993,14.8246603,14.89210033,14.87257004,14.94219971,15.23462963,15.04512978,14.8822298,14.84654045,14.89363956,14.84858036
IBRD only,Male,10.59026,10.76241,10.91989,11.08063,11.2533,11.3659,11.62031,11.81175,11.83205,12.09387,12.33685,12.51419,12.57483,12.74674,12.87596,13.00507,13.05239,13.04128
Iceland,Male,16.49168968,16.82855988,17.32481956,16.95871925,17.10783958,17.15662003,16.94510078,17.13405991,17.08213997,17.32537079,17.46289063,17.79331017,18.32611084,18.39151955,18.2349205,18.01959038,18.03624916,18.17256927
India,Male,9.210300446,9.320449829,9.58273983,7.172452,7.16334,7.140403,10.56369019,7.122642,10.59185028,10.91615963,11.29703999,7.416963,11.22665977,11.53001976,11.60334969,11.86060047,11.73416996,6.931946
Indonesia,Male,10.83360004,10.90141964,11.14233017,11.22402954,7.16334,11.12092972,11.78670025,11.79759979,12.25607014,12.29712009,12.57013988,12.80965996,12.9325304,12.89535046,13.36073017,13.29878044,13.47525978,13.54619026
"Iran, Islamic Rep.",Male,12.61902046,12.54022026,12.52727985,11.77542019,11.68163967,11.90178013,11.98542023,12.65709972,12.86565971,13.07670975,13.54796982,14.93694019,14.97004032,14.95172977,7.670449,15.18457031,15.04388046,6.931946
Iraq,Male,6.460175,6.868472,6.944727,11.4935503,7.16334,7.140403,6.910201,7.122642,7.374087,7.395134,7.609016,7.416963,7.188544,7.439048,7.670449,7.50991,7.522353,6.931946
Ireland,Male,16.04365921,16.23823929,16.38285065,17.05347061,16.99876976,16.80592918,16.86944962,17.12779045,16.89822006,17.35420036,17.92922974,17.96993065,7.188544,17.95561028,18.60320091,18.71821976,18.62422943,19.26096916
Isle of Man,Male,6.460175,6.868472,6.944727,7.172452,7.16334,7.140403,6.910201,7.122642,7.374087,7.395134,7.609016,7.416963,7.188544,7.439048,7.670449,7.50991,7.522353,6.931946
Israel,Male,15.08386993,15.84212971,15.78437996,15.59825039,15.53748989,15.49617958,15.52869987,15.32161999,15.40872002,15.60762024,15.64717007,15.59175014,15.64783001,15.68659973,15.65555954,15.50522995,15.58872032,15.54811001
Italy,Male,15.12427998,15.38877964,15.51861954,15.55924988,15.69153023,15.83767033,15.90435028,15.97224998,15.97786045,16.00527954,16.21602058,15.97500038,15.76465034,15.69552994,15.63477993,15.54730988,15.78341007,15.89017963
Jamaica,Male,10.56818008,11.21679974,6.944727,7.172452,7.16334,7.140403,6.910201,7.122642,7.374087,7.395134,7.609016,7.416963,7.188544,7.439048,11.37497044,7.50991,7.522353,6.931946
Japan,Male,6.460175,6.868472,6.944727,7.172452,7.16334,7.140403,6.910201,7.122642,7.374087,7.395134,7.609016,7.416963,7.188544,7.439048,7.670449,7.50991,7.522353,6.931946
Jordan,Male,6.460175,12.20040989,12.39531994,12.59035969,12.53184986,12.36003017,12.30949974,12.34685993,7.374087,11.47527981,11.07269001,11.00133991,7.188544,7.439048,7.670449,7.50991,10.02324009,10.26331043
Kazakhstan,Male,6.460175,6.868472,6.944727,7.172452,7.16334,14.35941982,6.910201,7.122642,7.374087,14.25881958,14.54356003,14.78472996,14.72467041,14.78162003,14.72667027,14.83006001,14.94662952,15.11553001
Kenya,Male,8.540499687,8.395299911,6.944727,9.59084034,9.529979706,7.140403,10.08415031,7.122642,10.60783958,7.395134,7.609016,7.416963,7.188544,7.439048,7.670449,7.50991,7.522353,6.931946
Kiribati,Male,11.20396996,11.15081978,11.95312977,11.59517002,11.72747993,11.35575962,11.11639023,11.42055988,7.374087,7.395134,7.609016,7.416963,7.188544,7.439048,7.670449,7.50991,7.522353,6.931946
"Korea, Dem. People's Rep.",Male,6.460175,6.868472,6.944727,7.172452,7.16334,7.140403,6.910201,7.122642,7.374087,7.395134,7.609016,7.416963,7.188544,7.439048,7.670449,7.50991,7.522353,6.931946
"Korea, Rep.",Male,16.59535027,16.62598038,16.80443001,16.96884918,17.14668083,17.27898026,17.47191048,17.52072906,17.54970932,17.60317039,17.6217804,17.45282936,17.32094955,17.27249908,17.18226051,17.03570938,16.97458076,16.94371033
Kosovo,Male,6.460175,6.868472,6.944727,7.172452,7.16334,7.140403,6.910201,7.122642,7.374087,7.395134,7.609016,7.416963,7.188544,7.439048,7.670449,7.50991,7.522353,6.931946
Kuwait,Male,12.0841198,6.868472,12.44009018,12.69626045,7.16334,7.140403,6.910201,7.122642,7.374087,7.395134,7.609016,7.416963,7.188544,13.24872971,13.49528027,7.50991,7.522353,6.931946
Kyrgyz Republic,Male,12.09412956,12.07435989,12.27493,12.22649002,12.25537968,12.34731007,12.29090977,7.122642,12.02009964,12.16267967,12.13745975,12.46539974,12.63597965,12.71267033,12.6427002,12.79747009,12.78927994,12.73307991
Lao PDR,Male,8.947030067,9.219750404,9.58370018,9.696390152,9.91561985,9.973039627,10.1291399,10.21502972,10.47548962,10.66534042,11.04267025,11.10612965,11.33320045,11.52048969,11.60884953,11.51212025,11.29004955,10.88062954
Late-demographic dividend,Male,11.08465,11.33555,11.46032,11.64347,11.84226,11.92765,12.12625,12.34445,12.47275,12.69982,12.81789,12.86776,13.14735,13.25794,13.36041,13.42921,13.54454,13.75181
Latin America & Caribbean,Male,12.84251,12.99926,12.78143,12.86932,12.92867,12.93277,12.97194,13.19566,13.28431,13.42915,13.51276,13.53811,14.03621,14.10316,14.17532,14.30966,14.34613,14.43661
Latvia,Male,13.86083031,14.32100964,14.57024002,14.84370995,15.02492046,15.02933025,14.87287045,14.88049984,14.57705975,14.67275047,14.85883045,14.78221989,15.27569008,15.30755997,15.15587997,15.30084991,15.51580048,15.54016972
Least developed countries: UN classification,Male,7.39961,7.81727,8.07336,8.33532,8.47497,8.72971,8.92574,9.17697,9.36534,9.46936,9.70031,9.76037,9.88203,9.9163,9.87634,9.89929,9.90647,10.03001
Lebanon,Male,6.460175,6.868472,6.944727,7.172452,7.16334,7.140403,6.910201,7.122642,7.374087,7.395134,7.609016,7.416963,7.188544,7.439048,7.670449,7.50991,7.522353,6.931946
Lesotho,Male,9.411250114,9.699379921,10.19361973,7.172452,10.77943993,11.08817959,6.910201,7.122642,7.374087,7.395134,7.609016,11.91893005,11.55031967,11.51648998,11.43525028,7.50991,11.73159027,6.931946
Liberia,Male,6.460175,6.868472,6.944727,7.172452,7.16334,7.140403,6.910201,7.122642,7.374087,7.395134,7.609016,7.416963,7.188544,7.439048,7.670449,7.50991,7.522353,6.931946
Libya,Male,6.460175,15.23260021,15.20353985,7.172452,7.16334,7.140403,6.910201,7.122642,7.374087,7.395134,7.609016,7.416963,7.188544,7.439048,7.670449,7.50991,7.522353,6.931946
Liechtenstein,Male,6.460175,6.868472,15.27429008,15.53600025,15.69711971,15.51327038,15.44143963,15.72144032,15.4872303,15.64583015,15.98398972,16.21607971,7.188544,15.87257004,16.07325935,16.05217934,16.02539063,15.66193008
Lithuania,Male,14.42203045,14.89922047,15.39301968,15.38558006,15.65380955,15.95736027,15.92720032,15.93966961,16.06228065,16.07390976,16.17873955,16.06531906,16.07003975,15.96111012,15.97107029,16.08901978,16.21225929,16.13091087
Luxembourg,Male,13.34825993,6.868472,13.40592003,7.172452,7.16334,13.40896034,6.910201,13.50990009,7.374087,13.84344959,7.609016,13.76727962,7.188544,7.439048,13.95236969,14.13584995,14.19820023,14.30150986
"Macao SAR, China",Male,14.72019958,16.02029037,16.10287094,15.60566998,14.9203701,14.36674976,14.16376972,13.74526978,13.74837017,13.72214031,13.88778019,13.05519009,13.33736038,13.74460983,14.18091011,14.79288006,15.16011047,15.34768009
Madagascar,Male,6.460175,6.868472,6.944727,7.172452,9.372420311,9.422510147,9.64455986,9.952360153,10.40281963,7.395134,10.30488968,10.47550011,7.188544,10.53913021,10.64455986,10.47447968,7.522353,10.15767002
Malawi,Male,6.460175,11.18087959,6.944727,10.21354008,10.09554958,10.13403034,10.00014019,7.122642,7.374087,10.87656021,10.99448013,7.416963,7.188544,7.439048,7.670449,7.50991,7.522353,6.931946
Malaysia,Male,11.77832985,11.83382988,12.21183968,12.49563026,12.3056097,11.81365967,11.96479988,12.06459999,12.25846958,12.48978043,12.28765011,12.58800983,12.74596024,12.94248009,13.14358044,13.47964954,13.33979034,6.931946
Maldives,Male,11.89577007,11.53750038,12.02499008,7.172452,7.16334,7.140403,6.910201,7.122642,7.374087,7.395134,7.609016,7.416963,7.188544,7.439048,7.670449,7.50991,7.522353,6.931946
Mali,Male,6.460175,6.868472,6.944727,7.172452,7.16334,7.140403,6.910201,8.121029854,8.421469688,8.559809685,8.622019768,7.416963,7.188544,8.360960007,8.008390427,8.158709526,8.108940125,6.931946
Malta,Male,14.07633972,13.9063797,14.17658997,14.95468998,14.7968502,14.32863045,14.69443035,14.49557018,7.374087,15.66899967,14.77801991,14.87036991,14.95396042,15.04168034,15.18478966,15.40190029,15.69361019,16.14944077
Marshall Islands,Male,6.460175,12.16022015,6.944727,7.172452,7.16334,7.140403,6.910201,7.122642,7.374087,7.395134,7.609016,7.416963,7.188544,7.439048,7.670449,7.50991,7.522353,6.931946
Mauritania,Male,6.937759876,6.926730156,6.984049797,7.44506979,7.413050175,7.699269772,6.910201,7.377429962,7.874609947,7.941120148,8.06690979,8.499939919,8.714630127,7.439048,9.06289959,8.579480171,8.492059708,8.945280075
Mauritius,Male,12.54598045,12.57987976,12.91767979,13.10813046,13.48266029,13.45207977,13.45394039,13.50716019,13.71210957,13.77546024,13.89799976,14.31427956,14.4574604,14.99489021,14.59230995,14.61596012,14.41561031,6.931946
Mexico,Male,12.08115005,12.40676022,12.62036991,12.73799992,12.78808022,12.88496017,12.97931004,13.12372971,13.15583992,13.28820992,13.3201704,13.59671974,13.78767014,13.93863964,14.04207993,14.43027973,14.57600021,14.56811047
"Micronesia, Fed. Sts.",Male,6.460175,6.868472,6.944727,7.172452,7.16334,7.140403,6.910201,7.122642,7.374087,7.395134,7.609016,7.416963,7.188544,7.439048,7.670449,7.50991,7.522353,6.931946
Middle East & North Africa,Male,11.46664,11.60225,11.68043,11.72659,11.97813,12.00439,12.09061,12.17395,12.27387,12.43516,12.65731,13.09676,13.04764,13.12581,13.21424,13.27323,13.33527,13.35582
Moldova,Male,11.00389004,11.18496037,11.35513973,11.48927021,11.49680042,11.67278004,11.67035007,11.59045982,11.51233959,11.47165012,11.48441982,11.50026989,11.55097008,11.47910023,11.35529995,11.30704021,11.39288998,11.30315971
Monaco,Male,6.460175,6.868472,6.944727,7.172452,7.16334,7.140403,6.910201,7.122642,7.374087,7.395134,7.609016,7.416963,7.188544,7.439048,7.670449,7.50991,7.522353,6.931946
Mongolia,Male,9.188940048,9.557379723,10.34327984,10.98488998,11.82905006,12.14354038,6.910201,7.122642,13.49977016,13.88648987,7.609016,7.416963,7.188544,7.439048,7.670449,7.50991,7.522353,6.931946
Montenegro,Male,6.460175,6.868472,12.3610096,12.46076965,12.78777981,13.22276974,13.72369003,13.76630974,14.48050976,14.64904022,7.609016,7.416963,7.188544,7.439048,7.670449,14.54477024,14.60886002,14.65530014
Morocco,Male,9.607890129,10.00224018,10.32985973,10.5448904,10.70709038,10.66884041,10.91510963,11.05819035,11.27229977,11.58611965,11.93768024,12.30148983,7.188544,7.439048,7.670449,7.50991,14.00720024,14.14540005
Mozambique,Male,7.395939827,7.831699848,6.944727,8.504010201,9.12460041,9.345789909,10.00360012,10.42084026,10.46502972,10.60229015,10.22986031,10.02414989,10.56217003,10.44703007,10.4407196,7.50991,10.46825027,6.931946
Myanmar,Male,6.460175,6.868472,6.944727,7.172452,7.16334,7.140403,6.910201,7.122642,7.374087,7.395134,7.609016,7.416963,7.188544,7.439048,7.670449,7.50991,7.522353,10.46914959
Namibia,Male,11.9233799,11.70283031,11.87487984,7.172452,11.72138023,11.50354958,6.910201,7.122642,7.374087,7.395134,7.609016,7.416963,7.188544,7.439048,7.670449,7.50991,7.522353,6.931946
Nauru,Male,9.904870033,9.597270012,9.311519623,9.288160324,11.08238983,10.34344006,8.978719711,9.457819939,7.374087,7.395134,7.609016,7.416963,7.188544,7.439048,7.670449,7.50991,7.522353,6.931946
Nepal,Male,6.460175,10.35778999,10.28295994,7.172452,10.20646,10.4755497,6.910201,10.66689014,11.24110985,11.91112041,12.30933952,7.416963,12.45753956,7.439048,12.38053036,12.37761021,12.55863953,6.931946
Netherlands,Male,16.80019951,16.42885971,16.45590019,16.37122917,16.48481941,16.56068993,16.66360092,16.75535965,16.77543068,16.92243004,17.74740982,17.74720001,7.188544,7.439048,17.79359055,17.77825928,18.18601036,18.28211975
New Caledonia,Male,6.460175,6.868472,6.944727,7.172452,7.16334,7.140403,6.910201,7.122642,7.374087,7.395134,7.609016,7.416963,7.188544,7.439048,7.670449,7.50991,7.522353,6.931946
New Zealand,Male,6.460175,6.868472,6.944727,7.172452,7.16334,7.140403,6.910201,7.122642,7.374087,7.395134,7.609016,7.416963,17.87841988,17.94244003,18.03801918,17.24132919,17.91783905,17.86420059
Nicaragua,Male,6.460175,10.56373978,6.944727,7.172452,7.16334,7.140403,6.910201,7.122642,7.374087,7.395134,7.609016,7.416963,7.188544,7.439048,7.670449,7.50991,7.522353,6.931946
Niger,Male,6.460175,6.868472,3.660290003,4.06043005,4.296919823,4.461289883,4.582349777,4.773059845,5.014619827,5.289269924,5.597020149,5.811979771,7.188544,7.439048,6.56731987,6.858059883,7.064469814,6.931946
Nigeria,Male,8.496509552,6.868472,6.944727,9.855380058,9.86730957,7.140403,6.910201,7.122642,7.374087,8.796010017,9.172109604,7.416963,7.188544,7.439048,7.670449,7.50991,7.522353,6.931946
North America,Male,14.90067,14.91651,15.01957,14.97597,15.11768,15.10954,15.15028,15.23522,15.26473,15.308,15.40816,15.46306,15.45484,15.44959,15.50385,15.65968,15.71111,15.67964
North Macedonia,Male,11.55152035,11.55990982,11.55869961,11.55082035,11.70293045,7.140403,11.95470047,12.89663982,12.85976982,12.82474995,7.609016,12.83629036,12.84148979,12.86730003,13.15544033,7.50991,13.39142036,13.30449009
Northern Mariana Islands,Male,6.460175,6.868472,6.944727,7.172452,7.16334,7.140403,6.910201,7.122642,7.374087,7.395134,7.609016,7.416963,7.188544,7.439048,7.670449,7.50991,7.522353,6.931946
Norway,Male,16.45862007,16.42901039,16.76629066,16.8835392,16.80442047,16.90065002,16.8939991,16.7258606,16.68334961,16.87144089,16.9148407,16.80297089,17.01979065,17.0809803,17.14773941,17.29727936,17.41358948,17.46278954
Oman,Male,6.460175,6.868472,11.80745983,7.172452,11.84113979,11.77966976,12.03283024,7.122642,13.5323801,7.395134,13.27544975,7.416963,13.17490005,7.439048,13.58883953,14.13442039,13.6494503,13.70650959
Other small states,Male,10.56611,10.64391,10.76045,10.91114,10.98906,11.1145,11.29922,11.36044,11.56116,11.65429,11.74472,11.70155,11.70065,11.77937,11.90328,7.50991,7.522353,6.931946
Pacific island small states,Male,11.33185,11.32582,11.96254,12.09538,11.78181,11.91922,11.87989,7.122642,7.374087,7.395134,7.609016,7.416963,7.188544,7.439048,7.670449,7.50991,7.522353,6.931946
Pakistan,Male,6.460175,6.868472,6.944727,7.172452,7.16334,6.994029999,7.396920204,7.393099785,7.41008997,7.395134,7.436339855,7.551099777,7.623239994,7.89026022,8.241200447,8.653050423,8.57131958,8.92168045
Palau,Male,6.460175,6.868472,6.944727,7.172452,7.16334,7.140403,6.910201,7.122642,7.374087,7.395134,7.609016,7.416963,16.06434059,7.439048,7.670449,7.50991,7.522353,6.931946
Panama,Male,11.96998024,12.18927956,6.944727,12.30823994,12.29668999,12.29041958,12.46685028,12.29648018,12.26772976,12.35216999,12.15482998,7.416963,7.188544,12.11997986,12.14229965,12.35793018,7.522353,6.931946
Papua New Guinea,Male,6.460175,6.868472,6.944727,7.172452,7.16334,7.140403,6.910201,7.122642,7.374087,7.395134,7.609016,7.416963,7.188544,7.439048,7.670449,7.50991,7.522353,6.931946
Paraguay,Male,12.01873016,12.39708042,11.86172962,11.9938097,11.91769981,7.140403,11.54294014,11.68237019,11.85474968,11.86608028,7.609016,7.416963,7.188544,7.439048,7.670449,7.50991,7.522353,6.931946
Peru,Male,13.28878021,12.92965031,12.38906956,12.58883953,12.59788036,12.71477985,6.910201,7.122642,7.374087,7.395134,7.609016,7.416963,7.188544,7.439048,7.670449,14.84724045,15.08837986,6.931946
Philippines,Male,11.20460987,11.30735016,11.3234396,11.24135971,11.2238903,11.07462978,6.910201,11.40987015,11.14984035,7.395134,7.609016,7.416963,7.188544,12.38778973,7.670449,7.50991,12.81630993,6.931946
Poland,Male,14.52696037,14.84047985,14.98499012,14.20654964,14.41948986,14.43986034,14.4384203,14.41798019,14.42916012,14.54695988,14.42467976,14.53415012,15.43327045,15.19077969,7.670449,7.50991,15.32266045,15.29001999
Portugal,Male,15.41318989,15.40170002,15.40563011,14.94655991,14.97097015,15.0306797,15.46644974,15.74034977,15.77388954,15.90989017,16.02028084,16.17591095,16.75901985,16.56748962,16.56184006,16.48230934,16.59802055,16.68194008
Puerto Rico,Male,6.460175,6.868472,6.944727,7.172452,7.16334,7.140403,6.910201,7.122642,15.33588028,15.37411022,14.6166296,13.95168018,14.21426964,14.33570004,15.74973011,14.70561028,7.522353,15.01550961
Qatar,Male,11.71212006,12.43268013,13.30233002,13.51511955,13.15732956,11.68566036,6.910201,7.122642,7.374087,13.06822014,14.14385986,10.66011047,10.06480026,10.54586983,11.19651985,11.56311035,11.15349007,11.30982971
Romania,Male,11.67407036,12.10604,12.52896976,13.03059959,13.32641983,13.66714954,14.18537045,14.82281971,15.11487007,15.03405952,14.74730968,14.26815987,7.188544,7.439048,14.24141026,13.94299984,13.85499001,13.84395981
Russian Federation,Male,6.460175,6.868472,13.44929028,7.172452,13.18980026,13.23097992,13.35173988,13.46428967,13.20736027,7.395134,14.14459038,14.1756897,14.37734985,14.47840023,14.82524967,14.91975021,14.80510998,15.50271034
Rwanda,Male,7.460440159,7.765659809,8.28042984,8.882989883,7.16334,7.140403,6.910201,7.122642,10.94808006,11.13691044,11.31482029,11.56311989,11.38926983,11.2953701,11.00710011,11.49580002,11.46951962,11.19919968
Samoa,Male,6.460175,6.868472,6.944727,7.172452,7.16334,7.140403,6.910201,7.122642,7.374087,7.395134,7.609016,7.416963,7.188544,7.439048,7.670449,7.50991,7.522353,6.931946
San Marino,Male,6.460175,6.868472,6.944727,7.172452,7.16334,7.140403,6.910201,14.89573002,7.374087,14.87808037,15.17457008,15.30885029,7.188544,7.439048,7.670449,7.50991,7.522353,13.26898003
Sao Tome and Principe,Male,6.460175,6.868472,9.448960304,9.809109688,10.02984047,7.140403,10.05838013,9.896459579,10.24481964,10.24263,7.609016,10.54255009,7.188544,11.33475971,12.24417973,7.50991,7.522353,6.931946
Saudi Arabia,Male,6.460175,6.868472,6.944727,7.172452,12.65505028,7.140403,6.910201,7.122642,13.8659296,7.395134,7.609016,7.416963,7.188544,7.439048,7.670449,16.23254013,15.76428986,15.59440994
Senegal,Male,6.460175,6.868472,6.944727,7.172452,7.16334,7.24341011,6.910201,7.964799881,7.374087,8.182189941,8.671580315,8.922229767,8.937109947,9.131369591,7.670449,7.50991,7.522353,6.931946
Serbia,Male,12.93451023,12.69258022,12.70578957,12.77727985,13.02083969,13.12277031,13.1301899,13.22060966,13.28017998,13.18247032,13.62205029,13.70403004,13.82141972,13.92805958,14.12257004,14.21601009,14.28773022,14.22612
Seychelles,Male,11.5090704,11.86437035,12.07561016,11.72579956,12.79493999,11.51340008,12.66736984,12.6358099,12.70119953,12.86915016,11.47502041,13.55381012,13.21498966,13.55533028,13.50996017,13.39116001,12.92704964,13.07452011
Sierra Leone,Male,7.304860115,6.868472,6.944727,7.172452,7.16334,7.140403,6.910201,7.122642,7.374087,7.395134,7.609016,7.416963,7.188544,7.439048,7.670449,7.50991,7.522353,6.931946
Singapore,Male,6.460175,6.868472,6.944727,7.172452,7.16334,7.140403,6.910201,7.122642,7.374087,7.395134,7.609016,7.416963,7.188544,7.439048,7.670449,16.19351959,16.28347015,16.36606026
Sint Maarten (Dutch part),Male,6.460175,6.868472,6.944727,7.172452,7.16334,7.140403,6.910201,7.122642,7.374087,7.395134,7.609016,12.34397984,7.188544,12.20818996,7.670449,7.50991,7.522353,6.931946
Slovak Republic,Male,13.08493042,13.36427975,13.5571804,13.71339989,13.92175007,14.01356983,14.2051897,14.23692036,14.27626038,14.37005997,14.35494995,14.37353039,14.35521984,14.25772953,14.15149975,14.05889034,14.00465012,14.00489998
Slovenia,Male,15.0527401,15.49133015,16.09996033,15.72099018,16.04343987,16.11404037,16.16690063,16.17239952,16.21052933,16.33319092,15.98682976,16.19853973,16.95984077,16.62290001,16.54327965,16.76457977,16.8491993,16.8789196
Small states,Male,10.7784,10.85669,11.00819,11.19146,11.20658,11.33042,11.4847,11.64779,11.77922,11.83702,11.91429,11.87163,11.84142,11.91098,12.00941,7.50991,7.522353,6.931946
Solomon Islands,Male,6.460175,8.396829605,6.944727,7.172452,8.778809547,9.402009964,9.649559975,7.122642,7.374087,7.395134,7.609016,7.416963,7.188544,7.439048,7.670449,7.50991,7.522353,6.931946
Somalia,Male,6.460175,6.868472,6.944727,7.172452,7.16334,7.140403,6.910201,7.122642,7.374087,7.395134,7.609016,7.416963,7.188544,7.439048,7.670449,7.50991,7.522353,6.931946
South Africa,Male,6.460175,6.868472,6.944727,7.172452,7.16334,7.140403,6.910201,7.122642,7.374087,7.395134,7.609016,13.28874016,7.188544,13.64000988,7.670449,13.6378603,13.41081047,13.20740032
South Asia,Male,8.72928,8.89462,9.10588,9.37208,9.53114,9.73005,10.01568,10.18682,10.109,10.41452,10.72159,10.96866,10.77209,11.03793,11.14631,11.41915,11.28995,11.11705
South Asia (IDA & IBRD),Male,8.72928,8.89462,9.10588,9.37208,9.53114,9.73005,10.01568,10.18682,10.109,10.41452,10.72159,10.96866,10.77209,11.03793,11.14631,11.41915,11.28995,11.11705
South Sudan,Male,6.460175,6.868472,6.944727,7.172452,7.16334,7.140403,6.910201,7.122642,7.374087,7.395134,7.609016,7.416963,7.188544,7.439048,7.670449,7.50991,7.522353,6.931946
Spain,Male,15.30580044,15.1769104,15.20086956,15.26797009,15.41432953,15.48128986,15.43805981,15.47768021,15.53415012,15.9341898,16.26353073,16.62083054,16.84473038,16.97574043,17.17915916,17.20163918,17.22631073,17.31837082
Sri Lanka,Male,6.460175,6.868472,6.944727,7.172452,7.16334,7.140403,6.910201,7.122642,7.374087,13.38111973,13.5310297,13.41458988,13.63088989,7.439048,7.670449,13.54333973,13.54753017,13.76060009
St. Kitts and Nevis,Male,6.460175,6.868472,6.944727,7.172452,7.16334,7.140403,6.910201,14.15674973,7.374087,7.395134,7.609016,7.416963,7.188544,17.28961945,16.06674957,7.50991,7.522353,6.931946
St. Lucia,Male,6.460175,6.868472,6.944727,11.85548019,11.77725983,12.2258997,12.15867996,7.122642,7.374087,7.395134,7.609016,7.416963,7.188544,7.439048,13.97144985,13.67168045,13.33629036,13.30755997
St. Martin (French part),Male,6.460175,6.868472,6.944727,7.172452,7.16334,7.140403,6.910201,7.122642,7.374087,7.395134,7.609016,7.416963,7.188544,7.439048,7.670449,7.50991,7.522353,6.931946
St. Vincent and the Grenadines,Male,12.73042965,12.80136967,12.96317959,13.08275032,7.16334,7.140403,6.910201,7.122642,7.374087,7.395134,7.609016,7.416963,7.188544,13.90036964,14.05827045,7.50991,7.522353,6.931946
Sub-Saharan Africa,Male,7.73705,8.03274,8.28886,8.60145,8.82757,9.0197,9.0751,9.27821,9.4055,9.50922,9.72058,9.74945,9.95252,9.80939,9.74697,9.66019,9.67184,6.931946
Sub-Saharan Africa (excluding high income),Male,7.73167,8.02796,8.28436,8.59739,8.8235,9.01601,9.07147,9.27478,9.40212,9.50603,9.7177,9.74641,9.94975,9.80641,9.74433,9.65762,9.66951,6.931946
Sub-Saharan Africa (IDA & IBRD),Male,7.73705,8.03274,8.28886,8.60145,8.82757,9.0197,9.0751,9.27821,9.4055,9.50922,9.72058,9.74945,9.95252,9.80939,9.74697,9.66019,9.67184,6.931946
Sudan,Male,6.174349785,6.087880135,6.226449966,6.557940006,6.627729893,6.875060081,6.89756012,7.414330006,7.584549904,7.544239998,7.266019821,7.596839905,7.793409824,7.825890064,7.865280151,7.50991,7.522353,6.931946
Suriname,Male,6.460175,10.49652004,6.944727,7.172452,7.16334,7.140403,6.910201,7.122642,7.374087,7.395134,7.609016,7.416963,7.188544,7.439048,7.670449,7.50991,7.522353,6.931946
Sweden,Male,17.17551994,17.08764076,17.05810928,15.10340977,15.1583004,15.10778046,14.98972988,15.00965023,14.97679996,15.18214989,15.05290031,15.03285027,16.74325943,16.91394997,17.34411049,17.74091911,18.58575058,18.71478081
Switzerland,Male,15.57641029,15.32878017,15.45818996,15.55391979,15.53147984,15.56651974,15.56074047,15.56381035,15.59449959,15.74312973,15.82637978,15.89772034,16.02211952,7.439048,16.24243927,16.32850075,16.41916084,16.51264
Syrian Arab Republic,Male,6.460175,10.56984997,10.86886024,11.22805977,11.59463024,11.61703968,11.67090034,11.70866013,11.61705971,11.90439034,12.20291996,13.04074001,9.249540329,7.439048,7.670449,7.50991,7.522353,6.931946
Tajikistan,Male,10.84449959,11.07386017,11.47220993,11.51955986,11.74316025,11.94565964,11.80803967,12.01721001,11.96374989,12.01432991,11.95905018,12.00819016,12.05562019,7.439048,7.670449,7.50991,7.522353,6.931946
Tanzania,Male,6.460175,6.868472,6.944727,7.172452,7.16334,7.140403,6.910201,7.122642,7.374087,9.429940224,7.609016,7.416963,7.188544,7.439048,8.53524971,7.50991,8.037190437,6.931946
Thailand,Male,11.51434994,11.76249027,6.944727,12.03030014,12.59084034,12.63883972,12.9161396,12.88873005,12.90194988,12.83675957,13.05807972,12.82361031,12.60429001,15.19363976,7.670449,15.05412006,7.522353,6.931946
Timor-Leste,Male,6.460175,6.868472,6.944727,7.172452,7.16334,7.140403,6.910201,7.122642,13.17492008,12.88031006,7.609016,7.416963,7.188544,7.439048,7.670449,7.50991,7.522353,6.931946
Togo,Male,11.85824966,6.868472,11.99569988,12.07586956,12.08559036,12.51891041,11.92212963,7.122642,7.374087,7.395134,7.609016,7.416963,7.188544,7.439048,7.670449,7.50991,13.81562042,6.931946
Tonga,Male,6.460175,13.35340977,6.944727,7.172452,7.16334,7.140403,6.910201,7.122642,7.374087,7.395134,7.609016,7.416963,7.188544,7.439048,7.670449,7.50991,7.522353,6.931946
Trinidad and Tobago,Male,6.460175,6.868472,6.944727,12.06927967,7.16334,7.140403,6.910201,7.122642,7.374087,7.395134,7.609016,7.416963,7.188544,7.439048,7.670449,7.50991,7.522353,6.931946
Tunisia,Male,13.21926022,13.31762981,13.26566029,7.172452,13.76476955,13.66615009,6.910201,13.83216953,13.76638031,13.84335041,13.99995995,7.416963,7.188544,7.439048,7.670449,14.2811203,7.522353,6.931946
Turkey,Male,12.83495045,13.26385021,13.37430954,13.11793041,12.80988026,13.18284035,13.37320995,13.16810036,13.5843401,14.44262028,14.91958046,14.93031025,16.98419952,17.39196014,17.86091042,18.27452087,18.66612053,18.70377922
Turkmenistan,Male,6.460175,6.868472,6.944727,7.172452,7.16334,7.140403,6.910201,7.122642,7.374087,7.395134,7.609016,7.416963,7.188544,7.439048,7.670449,7.50991,7.522353,6.931946
Turks and Caicos Islands,Male,6.460175,6.868472,6.944727,7.172452,7.16334,7.140403,6.910201,7.122642,7.374087,7.395134,7.609016,7.416963,7.188544,7.439048,7.670449,7.50991,7.522353,6.931946
Tuvalu,Male,10.76650047,6.868472,6.944727,7.172452,7.16334,7.140403,6.910201,7.122642,7.374087,7.395134,7.609016,7.416963,7.188544,7.439048,7.670449,7.50991,7.522353,6.931946
Uganda,Male,6.460175,6.868472,6.944727,11.22688961,7.16334,7.140403,6.910201,7.122642,7.374087,7.395134,7.609016,7.416963,7.188544,7.439048,7.670449,7.50991,7.522353,6.931946
Ukraine,Male,13.53740025,13.82281971,14.10159969,14.05832958,14.45522022,14.34412003,14.36458015,14.41180038,14.38236046,14.43200016,14.5735302,14.68686962,14.59747028,14.6533699,7.670449,7.50991,7.522353,6.931946
United Arab Emirates,Male,6.460175,6.868472,6.944727,7.172452,7.16334,7.140403,6.910201,7.122642,7.374087,7.395134,7.609016,7.416963,7.188544,7.439048,7.670449,13.20641994,14.36518002,6.931946
United Kingdom,Male,15.80060959,15.75699997,15.61940956,16.04533005,16.11359978,15.51751995,15.3628397,15.51095009,15.67778015,15.97811031,15.33349037,15.29671955,17.14796066,17.02395058,16.88824081,7.50991,17.01851082,16.76346016
United States,Male,14.84574032,14.86592007,14.97688961,14.92770004,15.08533001,15.06495953,15.18006039,15.2761898,15.3052702,15.36038971,15.46158981,15.48758984,15.4732399,15.46317959,15.51661015,15.67471027,15.71634007,15.67372036
Upper middle income,Male,11.30202,11.5463,11.67329,11.80979,11.92396,12.03663,12.28889,12.47016,12.65459,12.8504,12.98952,13.11179,13.39806,13.49712,13.65863,13.73242,13.8409,13.98508
Uruguay,Male,13.84673977,14.18620014,14.47700024,14.47616005,14.27176952,14.40355968,6.910201,7.122642,7.374087,7.395134,7.609016,7.416963,7.188544,7.439048,7.670449,7.50991,7.522353,6.931946
Uzbekistan,Male,6.460175,6.868472,11.61903954,11.65357018,11.69503975,11.62166023,11.64542961,11.48729038,11.51961994,11.58613968,11.64511967,11.80624008,11.83181953,11.87333012,11.92148018,12.0527401,12.24139023,12.40087032
Vanuatu,Male,6.460175,10.53682995,11.00662041,10.94542027,7.16334,7.140403,6.910201,7.122642,7.374087,7.395134,7.609016,7.416963,7.188544,7.439048,7.670449,7.50991,7.522353,6.931946
"Venezuela, RB",Male,6.460175,11.52231979,11.56377983,7.172452,7.16334,7.140403,6.910201,13.13910007,7.374087,7.395134,7.609016,7.416963,7.188544,7.439048,7.670449,7.50991,7.522353,6.931946
Vietnam,Male,6.460175,6.868472,6.944727,7.172452,7.16334,7.140403,6.910201,7.122642,7.374087,7.395134,7.609016,7.416963,7.188544,7.439048,7.670449,7.50991,7.522353,6.931946
Virgin Islands (U.S.),Male,6.460175,6.868472,6.944727,7.172452,7.16334,7.140403,6.910201,7.122642,7.374087,7.395134,7.609016,7.416963,7.188544,7.439048,7.670449,7.50991,7.522353,6.931946
West Bank and Gaza,Male,11.51770973,11.75782967,12.09885979,12.52890968,12.50728035,12.49425983,12.90021038,12.90935993,12.7388401,12.78071976,12.61480999,12.61464024,12.33288002,12.3741703,12.38525963,12.36163998,12.53176975,12.56511021
World,Male,10.28839,10.45874,10.59941,10.77207,10.91875,11.02718,11.19775,11.34091,11.39803,11.6011,11.79222,11.92362,12.02195,12.10531,12.17529,12.25859,12.27719,12.28905
"Yemen, Rep.",Male,6.460175,6.868472,10.95238018,10.99701977,10.83716011,7.140403,6.910201,10.05018044,7.374087,10.08141041,10.49584007,7.416963,7.188544,7.439048,7.670449,7.50991,7.522353,6.931946
Zambia,Male,6.460175,6.868472,6.944727,7.172452,7.16334,7.140403,6.910201,7.122642,7.374087,7.395134,7.609016,7.416963,7.188544,7.439048,7.670449,7.50991,7.522353,6.931946
Zimbabwe,Male,11.08745956,10.57828045,10.22455978,7.172452,7.16334,7.140403,6.910201,7.122642,7.374087,7.395134,7.609016,11.71453953,11.58874989,7.439048,7.670449,7.50991,7.522353,6.931946
,,,,,,,,,,,,,,,,,,,
,,,,,,,,,,,,,,,,,,,
,,,,,,,,,,,,,,,,,,,
